Stock,Length of res_backtest[4]
000001.SZ,242
000002.SZ,242
000004.SZ,241
000006.SZ,242
000007.SZ,241
000008.SZ,242
000009.SZ,242
000010.SZ,242
000011.SZ,242
000012.SZ,242
000014.SZ,242
000016.SZ,242
000017.SZ,242
000019.SZ,242
000020.SZ,242
000021.SZ,242
000025.SZ,242
000026.SZ,242
000027.SZ,242
000028.SZ,242
000029.SZ,242
000030.SZ,242
000031.SZ,242
000032.SZ,242
000034.SZ,242
000035.SZ,242
000036.SZ,242
000037.SZ,242
000039.SZ,242
000040.SZ,242
000042.SZ,242
000045.SZ,239
000048.SZ,242
000049.SZ,236
000050.SZ,242
000055.SZ,242
000056.SZ,242
000058.SZ,242
000059.SZ,242
000060.SZ,242
000061.SZ,242
000062.SZ,242
000063.SZ,242
000065.SZ,242
000066.SZ,242
000068.SZ,242
000069.SZ,242
000070.SZ,242
000078.SZ,242
000088.SZ,242
000089.SZ,242
000090.SZ,242
000096.SZ,242
000099.SZ,242
000100.SZ,242
000151.SZ,242
000153.SZ,241
000155.SZ,242
000156.SZ,242
000157.SZ,242
000158.SZ,242
000159.SZ,242
000166.SZ,242
000301.SZ,242
000333.SZ,242
000338.SZ,242
000400.SZ,242
000401.SZ,242
000402.SZ,242
000403.SZ,242
000404.SZ,242
000407.SZ,242
000408.SZ,242
000409.SZ,242
000410.SZ,231
000411.SZ,241
000415.SZ,242
000417.SZ,242
000419.SZ,242
000420.SZ,242
000421.SZ,242
000422.SZ,242
000423.SZ,242
000425.SZ,242
000426.SZ,242
000428.SZ,242
000429.SZ,242
000430.SZ,242
000488.SZ,242
000498.SZ,242
000501.SZ,242
000503.SZ,242
000504.SZ,242
000505.SZ,242
000506.SZ,242
000507.SZ,242
000509.SZ,242
000510.SZ,242
000513.SZ,242
000514.SZ,242
000516.SZ,242
000517.SZ,242
000518.SZ,242
000519.SZ,242
000520.SZ,242
000521.SZ,242
000523.SZ,242
000524.SZ,242
000525.SZ,242
000526.SZ,242
000528.SZ,242
000529.SZ,242
000530.SZ,242
000531.SZ,242
000532.SZ,242
000533.SZ,242
000534.SZ,242
000536.SZ,242
000537.SZ,242
000538.SZ,242
000539.SZ,242
000541.SZ,242
000543.SZ,242
000544.SZ,242
000545.SZ,242
000546.SZ,240
000547.SZ,242
000548.SZ,242
000550.SZ,242
000551.SZ,242
000552.SZ,242
000553.SZ,242
000554.SZ,242
000555.SZ,242
000557.SZ,242
000558.SZ,242
000559.SZ,242
000560.SZ,242
000561.SZ,232
000563.SZ,242
000564.SZ,242
000565.SZ,242
000566.SZ,242
000567.SZ,242
000568.SZ,242
000570.SZ,242
000571.SZ,241
000572.SZ,242
000573.SZ,242
000576.SZ,242
000581.SZ,242
000582.SZ,242
000584.SZ,231
000586.SZ,242
000589.SZ,242
000590.SZ,242
000591.SZ,242
000592.SZ,242
000593.SZ,242
000595.SZ,242
000596.SZ,242
000597.SZ,242
000598.SZ,242
000599.SZ,242
000600.SZ,242
000601.SZ,242
000603.SZ,242
000605.SZ,242
000607.SZ,242
000608.SZ,242
000609.SZ,242
000610.SZ,242
000612.SZ,242
000615.SZ,241
000617.SZ,242
000619.SZ,242
000620.SZ,240
000622.SZ,242
000623.SZ,242
000625.SZ,242
000626.SZ,242
000627.SZ,242
000628.SZ,232
000629.SZ,242
000630.SZ,242
000631.SZ,242
000632.SZ,242
000633.SZ,242
000635.SZ,242
000636.SZ,242
000637.SZ,241
000638.SZ,242
000639.SZ,242
000650.SZ,242
000651.SZ,242
000652.SZ,242
000655.SZ,242
000656.SZ,232
000657.SZ,238
000659.SZ,242
000661.SZ,242
000663.SZ,242
000665.SZ,242
000668.SZ,242
000669.SZ,242
000670.SZ,232
000672.SZ,242
000676.SZ,242
000677.SZ,242
000678.SZ,242
000679.SZ,242
000680.SZ,242
000681.SZ,242
000682.SZ,242
000683.SZ,242
000685.SZ,242
000686.SZ,242
000688.SZ,242
000690.SZ,242
000691.SZ,237
000692.SZ,241
000695.SZ,242
000697.SZ,239
000698.SZ,242
000700.SZ,242
000701.SZ,242
000702.SZ,242
000703.SZ,242
000705.SZ,242
000707.SZ,242
000708.SZ,242
000709.SZ,242
000710.SZ,242
000711.SZ,240
000712.SZ,242
000713.SZ,237
000715.SZ,242
000716.SZ,242
000717.SZ,242
000718.SZ,242
000719.SZ,242
000720.SZ,242
000721.SZ,242
000722.SZ,242
000723.SZ,242
000725.SZ,242
000726.SZ,242
000727.SZ,242
000728.SZ,242
000729.SZ,242
000731.SZ,242
000733.SZ,242
000735.SZ,242
000736.SZ,242
000737.SZ,242
000738.SZ,242
000739.SZ,242
000750.SZ,242
000751.SZ,242
000752.SZ,242
000753.SZ,242
000755.SZ,242
000756.SZ,242
000757.SZ,242
000758.SZ,242
000759.SZ,242
000761.SZ,242
000762.SZ,242
000766.SZ,242
000767.SZ,242
000768.SZ,242
000776.SZ,242
000777.SZ,242
000778.SZ,242
000779.SZ,242
000782.SZ,240
000783.SZ,242
000785.SZ,242
000786.SZ,242
000788.SZ,242
000789.SZ,242
000790.SZ,233
000791.SZ,242
000792.SZ,242
000793.SZ,242
000795.SZ,242
000796.SZ,240
000797.SZ,242
000798.SZ,242
000799.SZ,242
000800.SZ,242
000801.SZ,235
000802.SZ,242
000803.SZ,242
000807.SZ,242
000809.SZ,241
000810.SZ,239
000811.SZ,242
000812.SZ,242
000813.SZ,242
000815.SZ,242
000816.SZ,242
000818.SZ,242
000819.SZ,242
000820.SZ,242
000821.SZ,242
000822.SZ,242
000823.SZ,242
000825.SZ,242
000826.SZ,242
000828.SZ,242
000829.SZ,242
000830.SZ,242
000831.SZ,242
000833.SZ,242
000837.SZ,242
000838.SZ,242
000839.SZ,242
000848.SZ,242
000850.SZ,242
000851.SZ,242
000852.SZ,242
000856.SZ,242
000858.SZ,242
000859.SZ,242
000860.SZ,242
000862.SZ,242
000863.SZ,237
000868.SZ,242
000869.SZ,242
000875.SZ,242
000876.SZ,242
000877.SZ,242
000878.SZ,242
000880.SZ,242
000881.SZ,237
000882.SZ,242
000883.SZ,242
000885.SZ,242
000886.SZ,242
000887.SZ,242
000888.SZ,242
000889.SZ,242
000890.SZ,242
000892.SZ,242
000893.SZ,242
000895.SZ,242
000897.SZ,242
000898.SZ,242
000899.SZ,242
000900.SZ,242
000901.SZ,242
000902.SZ,242
000903.SZ,242
000905.SZ,242
000906.SZ,242
000908.SZ,242
000909.SZ,241
000910.SZ,242
000911.SZ,242
000912.SZ,242
000913.SZ,242
000915.SZ,242
000917.SZ,242
000919.SZ,242
000920.SZ,242
000921.SZ,242
000922.SZ,242
000923.SZ,242
000925.SZ,242
000926.SZ,242
000927.SZ,242
000928.SZ,242
000929.SZ,242
000930.SZ,242
000931.SZ,242
000932.SZ,242
000933.SZ,242
000935.SZ,242
000936.SZ,242
000937.SZ,242
000938.SZ,242
000948.SZ,242
000949.SZ,242
000950.SZ,242
000951.SZ,242
000952.SZ,242
000953.SZ,242
000955.SZ,242
000957.SZ,242
000958.SZ,242
000959.SZ,242
000960.SZ,242
000962.SZ,242
000963.SZ,242
000965.SZ,242
000966.SZ,242
000967.SZ,242
000968.SZ,242
000969.SZ,242
000970.SZ,242
000972.SZ,241
000973.SZ,242
000975.SZ,242
000977.SZ,242
000978.SZ,242
000980.SZ,242
000981.SZ,242
000983.SZ,242
000985.SZ,242
000987.SZ,242
000988.SZ,242
000989.SZ,242
000990.SZ,242
000993.SZ,242
000995.SZ,241
000997.SZ,242
000998.SZ,242
000999.SZ,242
001201.SZ,242
001202.SZ,242
001203.SZ,242
001205.SZ,242
001206.SZ,242
001207.SZ,242
001208.SZ,242
001209.SZ,242
001210.SZ,242
001211.SZ,242
001212.SZ,242
001213.SZ,242
001215.SZ,242
001216.SZ,242
001217.SZ,242
001218.SZ,242
001219.SZ,242
001222.SZ,242
001223.SZ,242
001226.SZ,242
001227.SZ,242
001228.SZ,242
001229.SZ,242
001230.SZ,242
001231.SZ,242
001234.SZ,242
001236.SZ,242
001238.SZ,242
001255.SZ,242
001256.SZ,242
001258.SZ,242
001259.SZ,242
001266.SZ,242
001267.SZ,242
001268.SZ,242
001269.SZ,242
001270.SZ,242
001283.SZ,242
001288.SZ,242
001289.SZ,242
001296.SZ,242
001298.SZ,242
001299.SZ,242
001300.SZ,242
001301.SZ,242
001308.SZ,242
001309.SZ,242
001313.SZ,242
001316.SZ,242
001317.SZ,242
001318.SZ,242
001319.SZ,242
001322.SZ,242
001323.SZ,242
001330.SZ,242
001331.SZ,242
001332.SZ,242
001333.SZ,242
001336.SZ,242
001338.SZ,242
001339.SZ,242
001696.SZ,242
001872.SZ,242
001896.SZ,242
001914.SZ,242
001965.SZ,242
001979.SZ,242
002001.SZ,242
002003.SZ,242
002004.SZ,242
002005.SZ,242
002006.SZ,242
002007.SZ,242
002008.SZ,242
002009.SZ,242
002010.SZ,242
002011.SZ,242
002012.SZ,242
002014.SZ,242
002015.SZ,242
002016.SZ,242
002017.SZ,242
002019.SZ,242
002020.SZ,242
002021.SZ,240
002022.SZ,241
002023.SZ,242
002024.SZ,242
002025.SZ,242
002026.SZ,242
002027.SZ,242
002028.SZ,242
002029.SZ,242
002030.SZ,242
002031.SZ,242
002032.SZ,242
002033.SZ,242
002034.SZ,242
002035.SZ,242
002036.SZ,242
002037.SZ,242
002038.SZ,242
002039.SZ,242
002040.SZ,242
002041.SZ,242
002042.SZ,242
002043.SZ,242
002044.SZ,242
002045.SZ,242
002046.SZ,242
002047.SZ,242
002048.SZ,242
002049.SZ,242
002050.SZ,242
002051.SZ,242
002052.SZ,241
002053.SZ,242
002054.SZ,242
002055.SZ,242
002056.SZ,242
002057.SZ,242
002058.SZ,242
002059.SZ,242
002060.SZ,242
002061.SZ,242
002062.SZ,242
002063.SZ,242
002064.SZ,242
002065.SZ,242
002066.SZ,242
002067.SZ,242
002068.SZ,242
002069.SZ,241
002072.SZ,242
002073.SZ,242
002074.SZ,242
002075.SZ,242
002076.SZ,241
002077.SZ,242
002078.SZ,242
002079.SZ,242
002080.SZ,242
002081.SZ,242
002082.SZ,242
002083.SZ,242
002084.SZ,242
002085.SZ,242
002086.SZ,240
002088.SZ,242
002090.SZ,242
002091.SZ,242
002092.SZ,242
002093.SZ,242
002094.SZ,242
002095.SZ,242
002096.SZ,242
002097.SZ,242
002098.SZ,242
002099.SZ,242
002100.SZ,242
002101.SZ,242
002102.SZ,241
002103.SZ,242
002104.SZ,242
002105.SZ,242
002106.SZ,242
002107.SZ,242
002108.SZ,242
002109.SZ,242
002110.SZ,242
002111.SZ,242
002112.SZ,242
002114.SZ,242
002115.SZ,242
002116.SZ,242
002117.SZ,242
002119.SZ,242
002120.SZ,242
002121.SZ,242
002122.SZ,240
002123.SZ,242
002124.SZ,242
002125.SZ,242
002126.SZ,242
002127.SZ,242
002128.SZ,242
002129.SZ,242
002130.SZ,242
002131.SZ,242
002132.SZ,242
002133.SZ,242
002134.SZ,242
002135.SZ,242
002136.SZ,240
002137.SZ,242
002138.SZ,242
002139.SZ,242
002140.SZ,242
002141.SZ,242
002142.SZ,242
002144.SZ,242
002145.SZ,242
002146.SZ,232
002148.SZ,242
002149.SZ,242
002150.SZ,242
002151.SZ,242
002152.SZ,242
002153.SZ,242
002154.SZ,242
002155.SZ,242
002156.SZ,242
002157.SZ,240
002158.SZ,242
002159.SZ,237
002160.SZ,242
002161.SZ,242
002162.SZ,242
002163.SZ,242
002164.SZ,242
002165.SZ,242
002166.SZ,242
002167.SZ,242
002168.SZ,242
002169.SZ,242
002170.SZ,242
002171.SZ,242
002172.SZ,242
002173.SZ,242
002174.SZ,242
002175.SZ,242
002176.SZ,242
002177.SZ,241
002178.SZ,242
002179.SZ,242
002180.SZ,242
002181.SZ,242
002182.SZ,242
002183.SZ,242
002184.SZ,235
002185.SZ,242
002186.SZ,237
002187.SZ,242
002188.SZ,242
002189.SZ,242
002190.SZ,242
002191.SZ,242
002192.SZ,242
002193.SZ,242
002194.SZ,242
002195.SZ,242
002196.SZ,242
002197.SZ,242
002198.SZ,242
002199.SZ,242
002200.SZ,242
002201.SZ,242
002202.SZ,242
002203.SZ,242
002204.SZ,242
002205.SZ,242
002206.SZ,242
002207.SZ,240
002208.SZ,242
002209.SZ,242
002210.SZ,242
002211.SZ,241
002212.SZ,242
002213.SZ,242
002214.SZ,242
002215.SZ,242
002216.SZ,242
002217.SZ,237
002218.SZ,242
002219.SZ,242
002221.SZ,242
002222.SZ,242
002223.SZ,242
002224.SZ,242
002225.SZ,242
002226.SZ,242
002227.SZ,242
002228.SZ,242
002229.SZ,242
002230.SZ,242
002231.SZ,242
002232.SZ,242
002233.SZ,242
002234.SZ,242
002235.SZ,242
002236.SZ,242
002237.SZ,242
002238.SZ,242
002239.SZ,242
002240.SZ,242
002241.SZ,242
002242.SZ,242
002243.SZ,242
002244.SZ,242
002245.SZ,242
002246.SZ,242
002247.SZ,242
002248.SZ,242
002249.SZ,242
002250.SZ,242
002251.SZ,236
002252.SZ,242
002253.SZ,242
002254.SZ,242
002255.SZ,242
002256.SZ,242
002258.SZ,242
002259.SZ,242
002261.SZ,242
002262.SZ,242
002263.SZ,242
002264.SZ,242
002265.SZ,242
002266.SZ,242
002267.SZ,242
002268.SZ,242
002269.SZ,242
002270.SZ,242
002271.SZ,242
002272.SZ,242
002273.SZ,242
002274.SZ,242
002275.SZ,242
002276.SZ,242
002277.SZ,240
002278.SZ,242
002279.SZ,242
002281.SZ,242
002282.SZ,242
002283.SZ,242
002284.SZ,242
002285.SZ,242
002286.SZ,242
002287.SZ,242
002289.SZ,241
002290.SZ,242
002291.SZ,242
002292.SZ,242
002293.SZ,242
002294.SZ,242
002295.SZ,242
002296.SZ,242
002297.SZ,242
002298.SZ,242
002299.SZ,242
002300.SZ,242
002301.SZ,242
002302.SZ,242
002303.SZ,242
002304.SZ,242
002305.SZ,242
002306.SZ,242
002307.SZ,242
002309.SZ,242
002310.SZ,242
002311.SZ,242
002312.SZ,242
002313.SZ,241
002314.SZ,242
002315.SZ,242
002316.SZ,241
002317.SZ,242
002318.SZ,242
002319.SZ,242
002320.SZ,242
002321.SZ,241
002322.SZ,242
002323.SZ,242
002324.SZ,242
002326.SZ,242
002327.SZ,242
002328.SZ,242
002329.SZ,242
002330.SZ,242
002331.SZ,242
002332.SZ,242
002333.SZ,242
002334.SZ,242
002335.SZ,242
002336.SZ,238
002337.SZ,242
002338.SZ,242
002339.SZ,242
002340.SZ,242
002342.SZ,242
002343.SZ,242
002344.SZ,242
002345.SZ,242
002346.SZ,242
002347.SZ,242
002348.SZ,242
002349.SZ,242
002350.SZ,242
002351.SZ,242
002352.SZ,242
002353.SZ,242
002354.SZ,242
002355.SZ,242
002356.SZ,242
002357.SZ,242
002358.SZ,241
002360.SZ,242
002361.SZ,242
002362.SZ,242
002363.SZ,242
002364.SZ,242
002365.SZ,242
002366.SZ,241
002367.SZ,242
002368.SZ,242
002369.SZ,242
002370.SZ,242
002371.SZ,242
002372.SZ,242
002373.SZ,242
002374.SZ,242
002375.SZ,242
002376.SZ,242
002377.SZ,242
002378.SZ,242
002379.SZ,242
002380.SZ,242
002381.SZ,242
002382.SZ,242
002383.SZ,242
002384.SZ,242
002385.SZ,242
002386.SZ,242
002387.SZ,242
002388.SZ,242
002389.SZ,242
002390.SZ,242
002391.SZ,242
002392.SZ,242
002393.SZ,242
002394.SZ,242
002395.SZ,242
002396.SZ,242
002397.SZ,242
002398.SZ,242
002399.SZ,242
002400.SZ,242
002401.SZ,242
002402.SZ,242
002403.SZ,242
002404.SZ,242
002405.SZ,242
002406.SZ,242
002407.SZ,242
002408.SZ,238
002409.SZ,242
002410.SZ,242
002412.SZ,242
002413.SZ,242
002414.SZ,242
002415.SZ,242
002416.SZ,242
002418.SZ,242
002419.SZ,242
002420.SZ,242
002421.SZ,242
002422.SZ,242
002423.SZ,242
002424.SZ,242
002425.SZ,242
002426.SZ,242
002427.SZ,241
002428.SZ,242
002429.SZ,242
002430.SZ,242
002431.SZ,242
002432.SZ,242
002434.SZ,242
002436.SZ,242
002437.SZ,242
002438.SZ,242
002439.SZ,242
002440.SZ,242
002441.SZ,242
002442.SZ,242
002443.SZ,242
002444.SZ,242
002445.SZ,242
002446.SZ,242
002448.SZ,242
002449.SZ,242
002451.SZ,242
002452.SZ,242
002453.SZ,242
002454.SZ,242
002455.SZ,242
002456.SZ,242
002457.SZ,242
002458.SZ,242
002459.SZ,242
002460.SZ,242
002461.SZ,242
002462.SZ,242
002463.SZ,242
002465.SZ,242
002466.SZ,242
002467.SZ,242
002468.SZ,242
002469.SZ,242
002470.SZ,241
002471.SZ,242
002472.SZ,242
002474.SZ,242
002475.SZ,242
002476.SZ,242
002478.SZ,242
002479.SZ,242
002480.SZ,242
002481.SZ,242
002482.SZ,240
002483.SZ,242
002484.SZ,242
002485.SZ,241
002486.SZ,242
002487.SZ,242
002488.SZ,242
002489.SZ,242
002490.SZ,242
002491.SZ,242
002492.SZ,242
002493.SZ,242
002494.SZ,242
002495.SZ,242
002496.SZ,242
002497.SZ,242
002498.SZ,242
002500.SZ,242
002501.SZ,242
002506.SZ,242
002507.SZ,242
002508.SZ,242
002510.SZ,240
002511.SZ,242
002512.SZ,242
002513.SZ,238
002514.SZ,242
002515.SZ,242
002516.SZ,242
002517.SZ,242
002518.SZ,242
002519.SZ,242
002520.SZ,242
002521.SZ,242
002522.SZ,242
002523.SZ,242
002524.SZ,242
002526.SZ,242
002527.SZ,242
002528.SZ,242
002529.SZ,242
002530.SZ,242
002531.SZ,242
002532.SZ,242
002533.SZ,242
002534.SZ,242
002535.SZ,241
002536.SZ,242
002537.SZ,242
002538.SZ,242
002539.SZ,242
002540.SZ,242
002541.SZ,242
002542.SZ,242
002543.SZ,242
002544.SZ,242
002545.SZ,242
002546.SZ,242
002547.SZ,242
002548.SZ,242
002549.SZ,242
002550.SZ,242
002551.SZ,242
002552.SZ,242
002553.SZ,242
002554.SZ,232
002555.SZ,242
002556.SZ,242
002557.SZ,242
002558.SZ,242
002559.SZ,242
002560.SZ,242
002561.SZ,242
002562.SZ,242
002563.SZ,242
002564.SZ,203
002565.SZ,242
002566.SZ,242
002567.SZ,242
002568.SZ,242
002569.SZ,242
002570.SZ,242
002571.SZ,242
002572.SZ,242
002573.SZ,242
002574.SZ,242
002575.SZ,240
002576.SZ,242
002577.SZ,242
002578.SZ,242
002579.SZ,242
002580.SZ,242
002581.SZ,242
002582.SZ,242
002583.SZ,242
002584.SZ,242
002585.SZ,242
002586.SZ,241
002587.SZ,242
002588.SZ,242
002589.SZ,242
002590.SZ,242
002591.SZ,242
002592.SZ,242
002593.SZ,242
002594.SZ,242
002595.SZ,242
002596.SZ,242
002597.SZ,242
002598.SZ,242
002599.SZ,242
002600.SZ,242
002601.SZ,242
002602.SZ,242
002603.SZ,242
002605.SZ,242
002606.SZ,242
002607.SZ,242
002608.SZ,242
002609.SZ,242
002611.SZ,242
002612.SZ,242
002613.SZ,242
002614.SZ,242
002615.SZ,242
002616.SZ,242
002617.SZ,242
002620.SZ,242
002622.SZ,242
002623.SZ,242
002624.SZ,242
002625.SZ,242
002626.SZ,242
002627.SZ,242
002628.SZ,242
002629.SZ,242
002630.SZ,242
002631.SZ,242
002632.SZ,242
002633.SZ,242
002634.SZ,242
002635.SZ,242
002636.SZ,242
002637.SZ,242
002638.SZ,240
002639.SZ,242
002640.SZ,242
002641.SZ,242
002642.SZ,242
002643.SZ,242
002644.SZ,234
002645.SZ,242
002646.SZ,242
002647.SZ,242
002648.SZ,242
002649.SZ,242
002650.SZ,242
002651.SZ,242
002652.SZ,242
002653.SZ,242
002654.SZ,242
002655.SZ,242
002656.SZ,203
002657.SZ,242
002658.SZ,242
002659.SZ,242
002660.SZ,242
002661.SZ,242
002662.SZ,242
002663.SZ,242
002664.SZ,242
002666.SZ,242
002667.SZ,242
002668.SZ,242
002669.SZ,242
002670.SZ,242
002671.SZ,242
002672.SZ,242
002673.SZ,242
002674.SZ,242
002675.SZ,242
002676.SZ,242
002677.SZ,242
002678.SZ,242
002679.SZ,242
002681.SZ,242
002682.SZ,240
002683.SZ,242
002685.SZ,242
002686.SZ,242
002687.SZ,242
002688.SZ,242
002689.SZ,242
002690.SZ,242
002691.SZ,242
002692.SZ,241
002693.SZ,242
002694.SZ,242
002695.SZ,242
002696.SZ,242
002697.SZ,237
002698.SZ,242
002700.SZ,242
002701.SZ,242
002702.SZ,242
002703.SZ,242
002705.SZ,242
002706.SZ,242
002707.SZ,242
002708.SZ,242
002709.SZ,242
002712.SZ,242
002713.SZ,242
002714.SZ,242
002715.SZ,242
002716.SZ,242
002717.SZ,242
002718.SZ,242
002719.SZ,242
002721.SZ,240
002722.SZ,242
002723.SZ,242
002724.SZ,242
002725.SZ,242
002726.SZ,242
002727.SZ,242
002728.SZ,242
002729.SZ,242
002730.SZ,242
002731.SZ,242
002732.SZ,242
002733.SZ,242
002734.SZ,242
002735.SZ,242
002736.SZ,242
002737.SZ,242
002738.SZ,242
002739.SZ,237
002741.SZ,242
002742.SZ,242
002743.SZ,242
002745.SZ,242
002746.SZ,242
002747.SZ,242
002748.SZ,242
002749.SZ,242
002750.SZ,242
002752.SZ,242
002753.SZ,242
002755.SZ,242
002756.SZ,242
002757.SZ,242
002758.SZ,242
002759.SZ,242
002760.SZ,242
002761.SZ,242
002762.SZ,242
002763.SZ,242
002765.SZ,242
002766.SZ,242
002767.SZ,242
002768.SZ,242
002769.SZ,242
002771.SZ,242
002772.SZ,242
002773.SZ,242
002774.SZ,242
002775.SZ,242
002777.SZ,242
002778.SZ,242
002779.SZ,242
002780.SZ,242
002782.SZ,242
002783.SZ,242
002785.SZ,242
002786.SZ,242
002787.SZ,242
002788.SZ,242
002789.SZ,242
002790.SZ,242
002791.SZ,242
002792.SZ,242
002793.SZ,242
002795.SZ,240
002796.SZ,242
002797.SZ,242
002798.SZ,242
002799.SZ,242
002800.SZ,239
002801.SZ,242
002802.SZ,242
002803.SZ,242
002805.SZ,242
002806.SZ,242
002807.SZ,242
002808.SZ,241
002809.SZ,242
002810.SZ,242
002811.SZ,242
002812.SZ,242
002813.SZ,232
002815.SZ,242
002816.SZ,241
002817.SZ,242
002818.SZ,242
002819.SZ,242
002820.SZ,242
002821.SZ,242
002822.SZ,242
002823.SZ,242
002824.SZ,242
002825.SZ,237
002826.SZ,242
002827.SZ,242
002828.SZ,242
002829.SZ,242
002830.SZ,242
002831.SZ,242
002832.SZ,242
002833.SZ,242
002835.SZ,242
002836.SZ,242
002837.SZ,242
002838.SZ,242
002839.SZ,242
002840.SZ,242
002841.SZ,242
002842.SZ,242
002843.SZ,242
002845.SZ,242
002846.SZ,242
002847.SZ,242
002848.SZ,242
002849.SZ,242
002850.SZ,242
002851.SZ,242
002852.SZ,242
002853.SZ,242
002855.SZ,242
002856.SZ,242
002857.SZ,242
002858.SZ,242
002859.SZ,242
002860.SZ,242
002861.SZ,242
002862.SZ,242
002863.SZ,242
002864.SZ,242
002865.SZ,242
002866.SZ,242
002867.SZ,242
002868.SZ,242
002869.SZ,242
002870.SZ,242
002871.SZ,242
002872.SZ,242
002873.SZ,242
002875.SZ,242
002876.SZ,242
002877.SZ,242
002878.SZ,242
002879.SZ,242
002880.SZ,237
002881.SZ,242
002882.SZ,242
002883.SZ,242
002884.SZ,242
002885.SZ,242
002886.SZ,242
002887.SZ,242
002888.SZ,242
002889.SZ,242
002890.SZ,242
002891.SZ,242
002892.SZ,242
002893.SZ,242
002895.SZ,242
002896.SZ,242
002897.SZ,242
002898.SZ,242
002899.SZ,242
002900.SZ,242
002901.SZ,242
002902.SZ,242
002903.SZ,242
002905.SZ,242
002906.SZ,242
002907.SZ,242
002908.SZ,242
002909.SZ,242
002910.SZ,242
002911.SZ,242
002912.SZ,242
002913.SZ,242
002915.SZ,242
002916.SZ,242
002917.SZ,232
002918.SZ,242
002919.SZ,242
002920.SZ,242
002921.SZ,242
002922.SZ,242
002923.SZ,242
002925.SZ,242
002926.SZ,242
002927.SZ,242
002928.SZ,242
002929.SZ,242
002930.SZ,242
002931.SZ,242
002932.SZ,242
002933.SZ,242
002935.SZ,242
002936.SZ,242
002937.SZ,242
002938.SZ,242
002939.SZ,242
002940.SZ,242
002941.SZ,242
002942.SZ,242
002943.SZ,242
002945.SZ,242
002946.SZ,242
002947.SZ,242
002948.SZ,242
002949.SZ,242
002950.SZ,242
002951.SZ,241
002952.SZ,242
002953.SZ,242
002955.SZ,242
002956.SZ,242
002957.SZ,242
002958.SZ,242
002959.SZ,242
002960.SZ,242
002961.SZ,242
002962.SZ,242
002963.SZ,242
002965.SZ,242
002966.SZ,242
002967.SZ,242
002968.SZ,242
002969.SZ,242
002970.SZ,242
002971.SZ,242
002972.SZ,242
002973.SZ,242
002975.SZ,242
002976.SZ,242
002977.SZ,242
002978.SZ,242
002979.SZ,242
002980.SZ,242
002981.SZ,242
002982.SZ,242
002983.SZ,242
002984.SZ,242
002985.SZ,242
002986.SZ,242
002987.SZ,242
002988.SZ,242
002989.SZ,240
002990.SZ,242
002991.SZ,242
002992.SZ,242
002993.SZ,242
002995.SZ,242
002996.SZ,242
002997.SZ,242
002998.SZ,242
002999.SZ,242
003000.SZ,242
003001.SZ,242
003002.SZ,242
003003.SZ,242
003004.SZ,242
003005.SZ,242
003006.SZ,242
003007.SZ,242
003008.SZ,242
003009.SZ,242
003010.SZ,242
003011.SZ,242
003012.SZ,242
003013.SZ,242
003015.SZ,242
003016.SZ,242
003017.SZ,242
003018.SZ,242
003019.SZ,242
003020.SZ,242
003021.SZ,242
003022.SZ,242
003023.SZ,242
003025.SZ,242
003026.SZ,242
003027.SZ,242
003028.SZ,242
003029.SZ,242
003030.SZ,242
003031.SZ,242
003032.SZ,242
003033.SZ,242
003035.SZ,242
003036.SZ,242
003037.SZ,242
003038.SZ,242
003039.SZ,242
003040.SZ,242
003041.SZ,242
003042.SZ,242
003043.SZ,237
003816.SZ,242
300001.SZ,242
300002.SZ,242
300003.SZ,242
300004.SZ,242
300005.SZ,242
300006.SZ,242
300007.SZ,242
300008.SZ,242
300009.SZ,242
300010.SZ,240
300011.SZ,242
300012.SZ,242
300013.SZ,242
300014.SZ,242
300015.SZ,242
300016.SZ,242
300017.SZ,242
300018.SZ,242
300019.SZ,242
300020.SZ,242
300021.SZ,242
300022.SZ,242
300024.SZ,242
300025.SZ,242
300026.SZ,242
300027.SZ,242
300029.SZ,242
300030.SZ,242
300031.SZ,242
300032.SZ,242
300033.SZ,242
300034.SZ,242
300035.SZ,242
300036.SZ,242
300037.SZ,242
300039.SZ,242
300040.SZ,242
300041.SZ,242
300042.SZ,242
300043.SZ,242
300044.SZ,242
300045.SZ,242
300046.SZ,242
300047.SZ,242
300048.SZ,242
300049.SZ,242
300050.SZ,242
300051.SZ,242
300052.SZ,242
300053.SZ,242
300054.SZ,242
300055.SZ,242
300056.SZ,242
300057.SZ,242
300058.SZ,242
300059.SZ,242
300061.SZ,242
300062.SZ,242
300063.SZ,242
300065.SZ,242
300066.SZ,242
300067.SZ,242
300068.SZ,242
300069.SZ,242
300070.SZ,242
300071.SZ,242
300072.SZ,242
300073.SZ,242
300074.SZ,242
300075.SZ,242
300076.SZ,242
300077.SZ,242
300078.SZ,242
300079.SZ,242
300080.SZ,242
300081.SZ,242
300082.SZ,242
300083.SZ,242
300084.SZ,241
300085.SZ,242
300086.SZ,242
300087.SZ,242
300088.SZ,242
300091.SZ,242
300092.SZ,242
300093.SZ,242
300094.SZ,242
300095.SZ,242
300096.SZ,241
300097.SZ,242
300098.SZ,242
300099.SZ,242
300100.SZ,242
300101.SZ,242
300102.SZ,242
300103.SZ,242
300105.SZ,242
300106.SZ,242
300107.SZ,242
300108.SZ,241
300109.SZ,242
300110.SZ,242
300111.SZ,242
300112.SZ,242
300113.SZ,242
300114.SZ,232
300115.SZ,242
300117.SZ,242
300118.SZ,242
300119.SZ,242
300120.SZ,242
300121.SZ,242
300122.SZ,242
300123.SZ,242
300124.SZ,242
300125.SZ,242
300126.SZ,242
300127.SZ,242
300128.SZ,242
300129.SZ,242
300130.SZ,242
300131.SZ,242
300132.SZ,242
300133.SZ,242
300134.SZ,242
300135.SZ,237
300136.SZ,242
300137.SZ,242
300138.SZ,242
300139.SZ,242
300140.SZ,242
300141.SZ,242
300142.SZ,242
300143.SZ,242
300144.SZ,242
300145.SZ,242
300146.SZ,242
300147.SZ,242
300148.SZ,242
300149.SZ,242
300150.SZ,242
300151.SZ,242
300152.SZ,232
300153.SZ,242
300154.SZ,242
300155.SZ,242
300157.SZ,242
300158.SZ,242
300159.SZ,241
300160.SZ,242
300161.SZ,242
300162.SZ,242
300163.SZ,234
300164.SZ,242
300165.SZ,237
300166.SZ,242
300167.SZ,241
300168.SZ,242
300169.SZ,242
300170.SZ,242
300171.SZ,242
300172.SZ,242
300173.SZ,242
300174.SZ,242
300175.SZ,242
300176.SZ,242
300177.SZ,242
300179.SZ,242
300180.SZ,242
300181.SZ,242
300182.SZ,242
300183.SZ,242
300184.SZ,242
300185.SZ,242
300187.SZ,242
300188.SZ,242
300189.SZ,242
300190.SZ,242
300191.SZ,242
300192.SZ,242
300193.SZ,242
300194.SZ,242
300195.SZ,242
300196.SZ,242
300197.SZ,232
300198.SZ,242
300199.SZ,242
300200.SZ,242
300201.SZ,241
300203.SZ,242
300204.SZ,242
300205.SZ,242
300206.SZ,242
300207.SZ,242
300208.SZ,242
300209.SZ,241
300210.SZ,240
300211.SZ,242
300212.SZ,242
300213.SZ,242
300214.SZ,242
300215.SZ,242
300217.SZ,242
300218.SZ,242
300219.SZ,242
300220.SZ,241
300221.SZ,242
300222.SZ,242
300223.SZ,242
300224.SZ,242
300225.SZ,242
300226.SZ,242
300227.SZ,242
300228.SZ,242
300229.SZ,242
300230.SZ,242
300231.SZ,242
300232.SZ,242
300233.SZ,242
300234.SZ,242
300235.SZ,242
300236.SZ,242
300237.SZ,242
300238.SZ,242
300239.SZ,242
300240.SZ,242
300241.SZ,242
300242.SZ,242
300243.SZ,242
300244.SZ,242
300245.SZ,242
300246.SZ,242
300247.SZ,242
300248.SZ,242
300249.SZ,242
300250.SZ,242
300251.SZ,242
300252.SZ,242
300253.SZ,242
300254.SZ,242
300255.SZ,242
300256.SZ,241
300257.SZ,242
300258.SZ,242
300259.SZ,242
300260.SZ,242
300261.SZ,242
300263.SZ,242
300264.SZ,242
300265.SZ,242
300266.SZ,237
300267.SZ,242
300268.SZ,241
300269.SZ,242
300270.SZ,242
300271.SZ,242
300272.SZ,242
300274.SZ,242
300275.SZ,242
300276.SZ,242
300277.SZ,242
300278.SZ,242
300279.SZ,242
300280.SZ,242
300281.SZ,242
300283.SZ,242
300284.SZ,242
300285.SZ,242
300286.SZ,242
300287.SZ,242
300288.SZ,242
300289.SZ,242
300290.SZ,242
300291.SZ,242
300292.SZ,242
300293.SZ,242
300294.SZ,242
300295.SZ,242
300296.SZ,242
300298.SZ,242
300299.SZ,242
300300.SZ,242
300301.SZ,242
300302.SZ,242
300303.SZ,242
300304.SZ,242
300305.SZ,242
300306.SZ,242
300307.SZ,242
300308.SZ,242
300310.SZ,242
300311.SZ,242
300313.SZ,239
300314.SZ,242
300315.SZ,242
300316.SZ,242
300317.SZ,242
300318.SZ,242
300319.SZ,232
300320.SZ,242
300321.SZ,242
300322.SZ,242
300323.SZ,242
300324.SZ,242
300326.SZ,242
300327.SZ,242
300328.SZ,242
300329.SZ,242
300331.SZ,242
300332.SZ,242
300333.SZ,242
300334.SZ,242
300335.SZ,242
300337.SZ,242
300338.SZ,241
300339.SZ,242
300340.SZ,242
300341.SZ,242
300342.SZ,242
300343.SZ,242
300344.SZ,242
300345.SZ,242
300346.SZ,234
300347.SZ,242
300348.SZ,242
300349.SZ,242
300350.SZ,242
300351.SZ,242
300352.SZ,242
300353.SZ,242
300354.SZ,242
300355.SZ,242
300357.SZ,242
300358.SZ,242
300359.SZ,242
300360.SZ,242
300363.SZ,242
300364.SZ,242
300365.SZ,242
300366.SZ,242
300368.SZ,242
300369.SZ,242
300370.SZ,241
300371.SZ,242
300373.SZ,242
300374.SZ,242
300375.SZ,242
300376.SZ,242
300377.SZ,242
300378.SZ,242
300379.SZ,242
300380.SZ,242
300381.SZ,242
300382.SZ,242
300383.SZ,242
300384.SZ,242
300385.SZ,242
300386.SZ,242
300387.SZ,242
300388.SZ,242
300389.SZ,242
300390.SZ,242
300391.SZ,242
300393.SZ,242
300394.SZ,242
300395.SZ,242
300396.SZ,242
300397.SZ,242
300398.SZ,242
300399.SZ,242
300400.SZ,242
300401.SZ,242
300402.SZ,242
300403.SZ,242
300404.SZ,242
300405.SZ,242
300406.SZ,242
300407.SZ,242
300408.SZ,242
300409.SZ,242
300410.SZ,242
300411.SZ,242
300412.SZ,242
300413.SZ,242
300414.SZ,242
300415.SZ,242
300416.SZ,242
300417.SZ,242
300418.SZ,242
300419.SZ,242
300420.SZ,242
300421.SZ,242
300422.SZ,242
300423.SZ,242
300424.SZ,242
300425.SZ,242
300426.SZ,242
300427.SZ,241
300428.SZ,242
300429.SZ,242
300430.SZ,242
300432.SZ,242
300433.SZ,242
300434.SZ,242
300435.SZ,242
300436.SZ,242
300437.SZ,242
300438.SZ,242
300439.SZ,242
300440.SZ,242
300441.SZ,242
300442.SZ,242
300443.SZ,242
300444.SZ,242
300445.SZ,242
300446.SZ,242
300447.SZ,242
300448.SZ,242
300449.SZ,242
300450.SZ,242
300451.SZ,242
300452.SZ,242
300453.SZ,242
300454.SZ,242
300455.SZ,242
300456.SZ,242
300457.SZ,242
300458.SZ,242
300459.SZ,242
300460.SZ,237
300461.SZ,242
300462.SZ,242
300463.SZ,242
300464.SZ,242
300465.SZ,242
300466.SZ,242
300467.SZ,242
300468.SZ,242
300469.SZ,242
300470.SZ,242
300471.SZ,242
300472.SZ,242
300473.SZ,242
300474.SZ,242
300475.SZ,236
300476.SZ,242
300477.SZ,242
300478.SZ,242
300479.SZ,242
300480.SZ,242
300481.SZ,242
300482.SZ,242
300483.SZ,242
300484.SZ,242
300485.SZ,242
300486.SZ,242
300487.SZ,242
300488.SZ,242
300489.SZ,242
300490.SZ,242
300491.SZ,242
300492.SZ,242
300493.SZ,242
300494.SZ,242
300496.SZ,242
300497.SZ,242
300498.SZ,242
300499.SZ,242
300500.SZ,242
300501.SZ,242
300502.SZ,242
300503.SZ,242
300504.SZ,242
300505.SZ,242
300506.SZ,242
300507.SZ,242
300508.SZ,242
300509.SZ,242
300510.SZ,242
300511.SZ,242
300512.SZ,242
300513.SZ,242
300514.SZ,242
300515.SZ,242
300516.SZ,242
300517.SZ,242
300518.SZ,242
300519.SZ,242
300520.SZ,242
300521.SZ,237
300522.SZ,242
300523.SZ,242
300525.SZ,242
300527.SZ,242
300528.SZ,242
300529.SZ,242
300530.SZ,242
300531.SZ,242
300532.SZ,242
300533.SZ,242
300534.SZ,242
300535.SZ,242
300536.SZ,242
300537.SZ,242
300538.SZ,242
300539.SZ,242
300540.SZ,242
300541.SZ,242
300542.SZ,242
300543.SZ,242
300545.SZ,242
300546.SZ,242
300547.SZ,242
300548.SZ,242
300549.SZ,242
300550.SZ,242
300551.SZ,242
300552.SZ,242
300553.SZ,242
300554.SZ,242
300555.SZ,241
300556.SZ,242
300557.SZ,242
300558.SZ,242
300559.SZ,242
300560.SZ,242
300561.SZ,239
300562.SZ,242
300563.SZ,242
300564.SZ,242
300565.SZ,242
300566.SZ,242
300567.SZ,242
300568.SZ,242
300569.SZ,242
300570.SZ,242
300571.SZ,242
300572.SZ,242
300573.SZ,242
300575.SZ,242
300576.SZ,242
300577.SZ,242
300578.SZ,242
300579.SZ,242
300580.SZ,242
300581.SZ,242
300582.SZ,242
300583.SZ,242
300584.SZ,242
300585.SZ,242
300586.SZ,242
300587.SZ,242
300588.SZ,242
300589.SZ,242
300590.SZ,242
300591.SZ,242
300592.SZ,242
300593.SZ,242
300594.SZ,242
300595.SZ,242
300596.SZ,242
300597.SZ,242
300598.SZ,242
300599.SZ,242
300600.SZ,242
300601.SZ,242
300602.SZ,242
300603.SZ,242
300604.SZ,242
300605.SZ,242
300606.SZ,242
300607.SZ,242
300608.SZ,242
300609.SZ,242
300610.SZ,242
300611.SZ,242
300612.SZ,242
300613.SZ,232
300614.SZ,242
300615.SZ,242
300616.SZ,242
300617.SZ,242
300618.SZ,242
300619.SZ,242
300620.SZ,242
300621.SZ,242
300622.SZ,242
300623.SZ,242
300624.SZ,242
300625.SZ,242
300626.SZ,242
300627.SZ,242
300628.SZ,242
300629.SZ,242
300630.SZ,242
300631.SZ,242
300632.SZ,242
300633.SZ,242
300634.SZ,242
300635.SZ,242
300636.SZ,242
300637.SZ,242
300638.SZ,242
300639.SZ,242
300640.SZ,242
300641.SZ,242
300642.SZ,242
300643.SZ,242
300644.SZ,242
300645.SZ,242
300647.SZ,242
300648.SZ,242
300649.SZ,242
300650.SZ,242
300651.SZ,242
300652.SZ,242
300653.SZ,242
300654.SZ,242
300655.SZ,242
300656.SZ,242
300657.SZ,242
300658.SZ,242
300659.SZ,242
300660.SZ,242
300661.SZ,242
300662.SZ,242
300663.SZ,242
300664.SZ,242
300665.SZ,242
300666.SZ,242
300667.SZ,242
300668.SZ,242
300669.SZ,242
300670.SZ,242
300671.SZ,242
300672.SZ,242
300673.SZ,242
300674.SZ,242
300675.SZ,242
300676.SZ,242
300677.SZ,242
300678.SZ,242
300679.SZ,242
300680.SZ,242
300681.SZ,242
300682.SZ,242
300683.SZ,242
300684.SZ,242
300685.SZ,242
300686.SZ,242
300687.SZ,242
300688.SZ,242
300689.SZ,242
300690.SZ,242
300691.SZ,242
300692.SZ,242
300693.SZ,242
300694.SZ,242
300695.SZ,242
300696.SZ,242
300697.SZ,238
300698.SZ,242
300699.SZ,242
300700.SZ,242
300701.SZ,242
300702.SZ,242
300703.SZ,242
300705.SZ,242
300706.SZ,242
300707.SZ,242
300708.SZ,242
300709.SZ,242
300710.SZ,242
300711.SZ,242
300712.SZ,242
300713.SZ,242
300715.SZ,242
300716.SZ,242
300717.SZ,242
300718.SZ,242
300719.SZ,242
300720.SZ,242
300721.SZ,242
300722.SZ,242
300723.SZ,242
300724.SZ,242
300725.SZ,242
300726.SZ,242
300727.SZ,242
300729.SZ,242
300730.SZ,242
300731.SZ,242
300732.SZ,242
300733.SZ,242
300735.SZ,242
300736.SZ,242
300737.SZ,242
300738.SZ,242
300739.SZ,242
300740.SZ,242
300741.SZ,242
300743.SZ,242
300745.SZ,242
300746.SZ,242
300747.SZ,242
300748.SZ,242
300749.SZ,242
300750.SZ,242
300751.SZ,242
300752.SZ,242
300753.SZ,242
300755.SZ,242
300756.SZ,242
300757.SZ,232
300758.SZ,242
300759.SZ,242
300760.SZ,242
300761.SZ,242
300762.SZ,242
300763.SZ,242
300765.SZ,242
300766.SZ,242
300767.SZ,242
300768.SZ,242
300769.SZ,242
300770.SZ,242
300771.SZ,242
300772.SZ,242
300773.SZ,242
300774.SZ,242
300775.SZ,242
300776.SZ,242
300777.SZ,242
300778.SZ,242
300779.SZ,242
300780.SZ,242
300781.SZ,242
300782.SZ,242
300783.SZ,242
300785.SZ,242
300786.SZ,242
300787.SZ,242
300788.SZ,242
300789.SZ,242
300790.SZ,242
300791.SZ,242
300792.SZ,242
300793.SZ,242
300795.SZ,242
300796.SZ,242
300797.SZ,242
300798.SZ,242
300800.SZ,242
300801.SZ,242
300802.SZ,242
300803.SZ,242
300805.SZ,242
300806.SZ,242
300807.SZ,242
300808.SZ,242
300809.SZ,242
300810.SZ,242
300811.SZ,242
300812.SZ,242
300813.SZ,242
300814.SZ,242
300815.SZ,242
300816.SZ,242
300817.SZ,242
300818.SZ,242
300819.SZ,242
300820.SZ,242
300821.SZ,242
300822.SZ,242
300823.SZ,242
300824.SZ,242
300825.SZ,242
300826.SZ,242
300827.SZ,242
300828.SZ,242
300829.SZ,242
300830.SZ,242
300831.SZ,242
300832.SZ,242
300833.SZ,242
300834.SZ,242
300835.SZ,242
300836.SZ,242
300837.SZ,242
300838.SZ,242
300839.SZ,242
300840.SZ,242
300841.SZ,242
300842.SZ,242
300843.SZ,242
300844.SZ,242
300845.SZ,242
300846.SZ,242
300847.SZ,242
300848.SZ,242
300849.SZ,242
300850.SZ,237
300851.SZ,242
300852.SZ,242
300853.SZ,242
300854.SZ,242
300855.SZ,242
300856.SZ,242
300857.SZ,242
300858.SZ,242
300859.SZ,241
300860.SZ,242
300861.SZ,242
300862.SZ,242
300863.SZ,242
300864.SZ,242
300865.SZ,242
300866.SZ,242
300867.SZ,242
300868.SZ,242
300869.SZ,242
300870.SZ,242
300871.SZ,242
300872.SZ,242
300873.SZ,242
300875.SZ,232
300876.SZ,242
300877.SZ,242
300878.SZ,242
300879.SZ,242
300880.SZ,242
300881.SZ,242
300882.SZ,242
300883.SZ,242
300884.SZ,242
300885.SZ,242
300886.SZ,242
300887.SZ,242
300888.SZ,242
300889.SZ,242
300890.SZ,242
300891.SZ,242
300892.SZ,242
300893.SZ,242
300894.SZ,242
300895.SZ,242
300896.SZ,242
300897.SZ,242
300898.SZ,242
300899.SZ,242
300900.SZ,242
300901.SZ,242
300902.SZ,242
300903.SZ,242
300905.SZ,242
300906.SZ,242
300907.SZ,242
300908.SZ,242
300909.SZ,242
300910.SZ,242
300911.SZ,242
300912.SZ,242
300913.SZ,242
300915.SZ,242
300916.SZ,242
300917.SZ,242
300918.SZ,242
300919.SZ,242
300920.SZ,242
300921.SZ,242
300922.SZ,242
300923.SZ,242
300925.SZ,242
300926.SZ,242
300927.SZ,242
300928.SZ,242
300929.SZ,242
300930.SZ,242
300931.SZ,242
300932.SZ,242
300933.SZ,242
300935.SZ,242
300936.SZ,242
300937.SZ,242
300938.SZ,242
300939.SZ,242
300940.SZ,242
300941.SZ,242
300942.SZ,242
300943.SZ,242
300945.SZ,242
300946.SZ,242
300947.SZ,242
300948.SZ,242
300949.SZ,242
300950.SZ,242
300951.SZ,242
300952.SZ,242
300953.SZ,242
300955.SZ,242
300956.SZ,242
300957.SZ,242
300958.SZ,242
300959.SZ,242
300960.SZ,242
300961.SZ,242
300962.SZ,242
300963.SZ,242
300964.SZ,242
300965.SZ,232
300966.SZ,242
300967.SZ,242
300968.SZ,242
300969.SZ,242
300970.SZ,242
300971.SZ,242
300972.SZ,242
300973.SZ,242
300975.SZ,242
300976.SZ,242
300977.SZ,242
300978.SZ,242
300979.SZ,242
300980.SZ,242
300981.SZ,242
300982.SZ,242
300983.SZ,242
300984.SZ,242
300985.SZ,242
300986.SZ,242
300987.SZ,242
300988.SZ,242
300989.SZ,242
300990.SZ,242
300991.SZ,242
300992.SZ,242
300993.SZ,242
300994.SZ,242
300995.SZ,242
300996.SZ,242
300997.SZ,242
300998.SZ,242
300999.SZ,242
301000.SZ,242
301001.SZ,242
301002.SZ,242
301003.SZ,242
301004.SZ,242
301005.SZ,242
301006.SZ,242
301007.SZ,242
301008.SZ,242
301009.SZ,242
301010.SZ,242
301011.SZ,242
301012.SZ,242
301013.SZ,242
301015.SZ,242
301016.SZ,242
301017.SZ,242
301018.SZ,242
301019.SZ,242
301020.SZ,242
301021.SZ,242
301022.SZ,242
301023.SZ,242
301024.SZ,242
301025.SZ,242
301026.SZ,242
301027.SZ,242
301028.SZ,242
301029.SZ,242
301030.SZ,242
301031.SZ,242
301032.SZ,242
301033.SZ,242
301035.SZ,242
301036.SZ,242
301037.SZ,242
301038.SZ,242
301039.SZ,241
301040.SZ,242
301041.SZ,242
301042.SZ,242
301043.SZ,242
301045.SZ,242
301046.SZ,242
301047.SZ,242
301048.SZ,242
301049.SZ,242
301050.SZ,242
301051.SZ,242
301052.SZ,242
301053.SZ,242
301055.SZ,242
301056.SZ,242
301057.SZ,242
301058.SZ,242
301059.SZ,242
301060.SZ,242
301061.SZ,242
301062.SZ,242
301063.SZ,242
301065.SZ,242
301066.SZ,242
301067.SZ,242
301068.SZ,242
301069.SZ,242
301070.SZ,242
301071.SZ,242
301072.SZ,242
301073.SZ,242
301075.SZ,242
301076.SZ,242
301077.SZ,242
301078.SZ,242
301079.SZ,242
301080.SZ,242
301081.SZ,242
301082.SZ,242
301083.SZ,242
301085.SZ,242
301086.SZ,242
301087.SZ,242
301088.SZ,242
301089.SZ,242
301090.SZ,242
301091.SZ,242
301092.SZ,242
301093.SZ,242
301095.SZ,242
301096.SZ,242
301097.SZ,242
301098.SZ,242
301099.SZ,242
301100.SZ,242
301101.SZ,242
301102.SZ,242
301103.SZ,242
301105.SZ,242
301106.SZ,232
301107.SZ,242
301108.SZ,242
301109.SZ,232
301110.SZ,242
301111.SZ,242
301112.SZ,242
301113.SZ,242
301115.SZ,242
301116.SZ,242
301117.SZ,242
301118.SZ,242
301119.SZ,242
301120.SZ,242
301121.SZ,242
301122.SZ,242
301123.SZ,242
301125.SZ,242
301126.SZ,242
301127.SZ,242
301128.SZ,242
301129.SZ,242
301130.SZ,242
301131.SZ,242
301132.SZ,242
301133.SZ,242
301135.SZ,242
301136.SZ,242
301137.SZ,242
301138.SZ,242
301139.SZ,242
301148.SZ,242
301149.SZ,242
301150.SZ,242
301151.SZ,242
301152.SZ,242
301153.SZ,242
301155.SZ,242
301156.SZ,242
301158.SZ,242
301159.SZ,242
301160.SZ,242
301161.SZ,242
301162.SZ,242
301163.SZ,242
301165.SZ,242
301166.SZ,242
301167.SZ,242
301168.SZ,242
301169.SZ,242
301171.SZ,242
301175.SZ,242
301176.SZ,242
301177.SZ,242
301178.SZ,242
301179.SZ,242
301180.SZ,242
301181.SZ,242
301182.SZ,242
301183.SZ,242
301185.SZ,242
301186.SZ,242
301187.SZ,242
301188.SZ,242
301189.SZ,242
301190.SZ,242
301191.SZ,242
301192.SZ,242
301193.SZ,242
301195.SZ,242
301196.SZ,242
301197.SZ,242
301198.SZ,242
301199.SZ,242
301200.SZ,242
301201.SZ,242
301205.SZ,242
301206.SZ,242
301207.SZ,242
301208.SZ,242
301209.SZ,242
301211.SZ,242
301212.SZ,242
301213.SZ,242
301215.SZ,242
301216.SZ,242
301217.SZ,242
301218.SZ,242
301219.SZ,242
301220.SZ,242
301221.SZ,242
301222.SZ,242
301223.SZ,242
301226.SZ,242
301227.SZ,242
301228.SZ,242
301229.SZ,242
301230.SZ,242
301231.SZ,242
301233.SZ,242
301234.SZ,242
301235.SZ,242
301236.SZ,242
301237.SZ,242
301238.SZ,242
301239.SZ,242
301248.SZ,242
301255.SZ,242
301256.SZ,242
301257.SZ,242
301258.SZ,242
301259.SZ,242
301263.SZ,242
301265.SZ,242
301266.SZ,242
301267.SZ,242
301268.SZ,242
301269.SZ,242
301270.SZ,242
301273.SZ,242
301276.SZ,242
301277.SZ,242
301278.SZ,242
301279.SZ,242
301280.SZ,242
301282.SZ,242
301283.SZ,242
301285.SZ,242
301286.SZ,242
301288.SZ,242
301289.SZ,242
301290.SZ,242
301296.SZ,242
301297.SZ,242
301298.SZ,242
301299.SZ,242
301300.SZ,242
301301.SZ,242
301302.SZ,242
301306.SZ,242
301308.SZ,242
301309.SZ,242
301311.SZ,242
301312.SZ,242
301313.SZ,242
301316.SZ,242
301318.SZ,242
301319.SZ,242
301321.SZ,242
301326.SZ,242
301327.SZ,242
301328.SZ,242
301330.SZ,242
301331.SZ,242
301333.SZ,242
301335.SZ,242
301336.SZ,242
301338.SZ,242
301339.SZ,242
301349.SZ,242
301356.SZ,242
301359.SZ,242
301361.SZ,242
301363.SZ,242
301365.SZ,242
301366.SZ,242
301367.SZ,242
301368.SZ,242
301369.SZ,242
301377.SZ,242
301379.SZ,242
301380.SZ,242
301388.SZ,242
301389.SZ,242
301391.SZ,242
301396.SZ,242
301398.SZ,242
430017.BJ,145
430047.BJ,242
430090.BJ,237
430139.BJ,242
430198.BJ,237
430300.BJ,242
430418.BJ,242
430425.BJ,228
430476.BJ,242
430478.BJ,210
430489.BJ,242
430510.BJ,242
430556.BJ,194
430564.BJ,242
430685.BJ,242
430718.BJ,242
600000.SH,242
600004.SH,242
600006.SH,242
600007.SH,242
600008.SH,242
600009.SH,242
600010.SH,242
600011.SH,242
600012.SH,232
600015.SH,242
600016.SH,242
600017.SH,242
600018.SH,242
600019.SH,242
600020.SH,242
600021.SH,242
600022.SH,242
600023.SH,242
600025.SH,242
600026.SH,242
600027.SH,242
600028.SH,242
600029.SH,242
600030.SH,242
600031.SH,242
600032.SH,242
600033.SH,242
600035.SH,242
600036.SH,242
600037.SH,242
600038.SH,237
600039.SH,242
600048.SH,242
600050.SH,242
600051.SH,242
600052.SH,242
600053.SH,242
600054.SH,242
600055.SH,242
600056.SH,242
600057.SH,242
600058.SH,242
600059.SH,242
600060.SH,242
600061.SH,242
600062.SH,242
600063.SH,242
600064.SH,242
600066.SH,241
600067.SH,242
600070.SH,241
600071.SH,242
600072.SH,242
600073.SH,242
600075.SH,242
600076.SH,242
600078.SH,242
600079.SH,242
600080.SH,242
600081.SH,236
600082.SH,242
600083.SH,242
600084.SH,242
600085.SH,242
600088.SH,242
600089.SH,242
600094.SH,242
600095.SH,242
600096.SH,242
600097.SH,242
600098.SH,242
600099.SH,242
600100.SH,242
600101.SH,242
600103.SH,242
600104.SH,242
600105.SH,242
600106.SH,242
600107.SH,242
600108.SH,242
600109.SH,242
600110.SH,242
600111.SH,242
600113.SH,242
600114.SH,242
600115.SH,242
600116.SH,242
600117.SH,241
600118.SH,242
600119.SH,242
600120.SH,242
600121.SH,242
600123.SH,242
600125.SH,242
600126.SH,242
600127.SH,242
600128.SH,242
600129.SH,242
600130.SH,242
600131.SH,242
600132.SH,242
600133.SH,242
600135.SH,242
600136.SH,241
600137.SH,242
600138.SH,242
600141.SH,242
600143.SH,242
600148.SH,242
600149.SH,242
600150.SH,242
600151.SH,242
600152.SH,242
600153.SH,242
600155.SH,242
600156.SH,242
600157.SH,242
600158.SH,242
600159.SH,242
600160.SH,242
600161.SH,242
600162.SH,242
600163.SH,242
600165.SH,242
600166.SH,242
600167.SH,242
600168.SH,242
600169.SH,242
600170.SH,242
600171.SH,242
600172.SH,237
600173.SH,242
600176.SH,242
600177.SH,242
600178.SH,242
600179.SH,242
600180.SH,242
600182.SH,241
600183.SH,242
600184.SH,242
600185.SH,242
600186.SH,242
600187.SH,242
600188.SH,242
600189.SH,242
600190.SH,242
600191.SH,242
600192.SH,242
600193.SH,242
600195.SH,242
600196.SH,242
600197.SH,242
600198.SH,242
600199.SH,242
600200.SH,242
600201.SH,242
600202.SH,242
600203.SH,242
600206.SH,242
600207.SH,242
600208.SH,242
600210.SH,242
600211.SH,242
600212.SH,242
600215.SH,242
600216.SH,242
600217.SH,242
600218.SH,242
600219.SH,242
600221.SH,242
600222.SH,242
600223.SH,242
600225.SH,242
600226.SH,241
600227.SH,242
600228.SH,242
600229.SH,242
600230.SH,242
600231.SH,242
600232.SH,242
600233.SH,242
600234.SH,242
600235.SH,242
600236.SH,242
600237.SH,242
600238.SH,242
600239.SH,241
600241.SH,241
600243.SH,242
600246.SH,242
600248.SH,242
600249.SH,242
600250.SH,242
600251.SH,242
600252.SH,242
600255.SH,242
600256.SH,242
600257.SH,242
600258.SH,242
600259.SH,242
600261.SH,242
600262.SH,242
600265.SH,242
600266.SH,242
600267.SH,242
600268.SH,242
600269.SH,242
600271.SH,242
600272.SH,242
600273.SH,242
600276.SH,242
600278.SH,242
600279.SH,242
600280.SH,242
600281.SH,242
600282.SH,242
600283.SH,242
600284.SH,242
600285.SH,242
600287.SH,242
600288.SH,242
600289.SH,242
600292.SH,242
600293.SH,242
600295.SH,242
600298.SH,242
600299.SH,242
600300.SH,242
600301.SH,242
600302.SH,242
600303.SH,242
600305.SH,242
600307.SH,242
600308.SH,242
600309.SH,242
600310.SH,242
600312.SH,242
600313.SH,242
600315.SH,242
600316.SH,242
600318.SH,242
600319.SH,242
600320.SH,242
600322.SH,242
600323.SH,242
600325.SH,242
600326.SH,242
600327.SH,242
600328.SH,242
600329.SH,242
600330.SH,242
600331.SH,242
600332.SH,242
600333.SH,242
600335.SH,242
600336.SH,242
600337.SH,242
600338.SH,242
600339.SH,242
600340.SH,242
600343.SH,242
600345.SH,242
600346.SH,242
600348.SH,242
600350.SH,242
600351.SH,242
600352.SH,242
600353.SH,242
600354.SH,242
600355.SH,242
600356.SH,242
600358.SH,232
600359.SH,242
600360.SH,242
600361.SH,242
600362.SH,242
600363.SH,242
600365.SH,242
600366.SH,242
600367.SH,242
600368.SH,242
600369.SH,242
600370.SH,242
600371.SH,242
600372.SH,235
600373.SH,239
600375.SH,232
600376.SH,242
600377.SH,242
600378.SH,232
600379.SH,242
600380.SH,242
600381.SH,242
600382.SH,241
600383.SH,242
600386.SH,242
600387.SH,241
600388.SH,241
600389.SH,242
600390.SH,242
600391.SH,242
600392.SH,242
600395.SH,242
600396.SH,241
600397.SH,242
600398.SH,242
600399.SH,242
600400.SH,242
600403.SH,242
600405.SH,242
600406.SH,242
600408.SH,242
600409.SH,242
600410.SH,242
600415.SH,242
600416.SH,242
600418.SH,242
600419.SH,242
600420.SH,242
600421.SH,232
600422.SH,242
600423.SH,242
600425.SH,242
600426.SH,242
600428.SH,242
600429.SH,242
600433.SH,242
600435.SH,242
600436.SH,242
600438.SH,242
600439.SH,242
600444.SH,242
600446.SH,232
600448.SH,242
600449.SH,242
600452.SH,242
600455.SH,241
600456.SH,242
600458.SH,242
600459.SH,242
600460.SH,242
600461.SH,242
600462.SH,242
600463.SH,242
600467.SH,242
600468.SH,242
600469.SH,242
600470.SH,240
600475.SH,242
600476.SH,242
600477.SH,242
600478.SH,242
600479.SH,242
600480.SH,242
600481.SH,242
600482.SH,242
600483.SH,242
600486.SH,242
600487.SH,242
600488.SH,242
600489.SH,242
600490.SH,242
600491.SH,237
600493.SH,242
600495.SH,242
600496.SH,242
600497.SH,242
600498.SH,242
600499.SH,242
600500.SH,242
600501.SH,242
600502.SH,242
600503.SH,242
600505.SH,242
600506.SH,242
600507.SH,242
600508.SH,242
600509.SH,242
600510.SH,242
600511.SH,242
600512.SH,242
600513.SH,242
600515.SH,242
600516.SH,242
600517.SH,242
600518.SH,242
600519.SH,242
600520.SH,242
600521.SH,242
600522.SH,242
600523.SH,242
600525.SH,242
600526.SH,242
600527.SH,242
600528.SH,242
600529.SH,242
600530.SH,199
600531.SH,242
600533.SH,242
600535.SH,242
600536.SH,242
600537.SH,242
600538.SH,242
600539.SH,242
600540.SH,240
600543.SH,241
600545.SH,242
600546.SH,242
600547.SH,242
600548.SH,242
600549.SH,242
600550.SH,242
600551.SH,242
600552.SH,242
600556.SH,242
600557.SH,242
600558.SH,242
600559.SH,242
600560.SH,242
600561.SH,242
600562.SH,242
600563.SH,242
600566.SH,242
600567.SH,242
600568.SH,242
600569.SH,242
600570.SH,242
600571.SH,242
600572.SH,242
600573.SH,242
600575.SH,242
600576.SH,242
600577.SH,242
600578.SH,242
600579.SH,242
600580.SH,242
600581.SH,242
600582.SH,242
600583.SH,242
600584.SH,242
600585.SH,242
600586.SH,242
600587.SH,242
600588.SH,242
600589.SH,240
600590.SH,242
600592.SH,242
600593.SH,242
600594.SH,242
600595.SH,242
600596.SH,242
600597.SH,242
600598.SH,242
600599.SH,242
600600.SH,242
600601.SH,241
600602.SH,242
600603.SH,242
600604.SH,242
600605.SH,242
600606.SH,242
600608.SH,242
600609.SH,242
600610.SH,242
600611.SH,242
600612.SH,242
600613.SH,242
600615.SH,242
600616.SH,242
600617.SH,242
600618.SH,242
600619.SH,242
600620.SH,242
600621.SH,242
600622.SH,242
600623.SH,242
600624.SH,242
600626.SH,242
600628.SH,242
600629.SH,242
600630.SH,242
600633.SH,242
600635.SH,242
600636.SH,242
600637.SH,242
600638.SH,242
600639.SH,242
600640.SH,242
600641.SH,242
600642.SH,242
600643.SH,242
600644.SH,242
600645.SH,242
600648.SH,242
600649.SH,242
600650.SH,242
600651.SH,242
600653.SH,242
600654.SH,241
600655.SH,242
600657.SH,242
600658.SH,242
600660.SH,242
600661.SH,242
600662.SH,242
600663.SH,242
600664.SH,242
600665.SH,242
600666.SH,237
600667.SH,242
600668.SH,242
600671.SH,241
600673.SH,242
600674.SH,242
600675.SH,242
600676.SH,242
600678.SH,242
600679.SH,242
600681.SH,242
600682.SH,242
600683.SH,242
600684.SH,242
600685.SH,242
600686.SH,242
600688.SH,242
600689.SH,242
600690.SH,242
600691.SH,242
600692.SH,242
600693.SH,242
600694.SH,242
600696.SH,242
600697.SH,242
600698.SH,242
600699.SH,242
600702.SH,242
600703.SH,242
600704.SH,242
600705.SH,242
600706.SH,242
600707.SH,242
600708.SH,242
600710.SH,242
600711.SH,242
600712.SH,242
600713.SH,242
600714.SH,242
600715.SH,242
600716.SH,242
600717.SH,242
600718.SH,242
600719.SH,233
600720.SH,242
600721.SH,242
600722.SH,242
600724.SH,242
600725.SH,242
600726.SH,241
600727.SH,242
600728.SH,242
600729.SH,242
600730.SH,242
600731.SH,242
600732.SH,242
600733.SH,242
600734.SH,242
600735.SH,242
600736.SH,242
600737.SH,242
600738.SH,242
600739.SH,242
600740.SH,242
600741.SH,242
600742.SH,242
600743.SH,242
600744.SH,242
600745.SH,242
600746.SH,242
600748.SH,242
600749.SH,242
600750.SH,242
600751.SH,242
600753.SH,242
600754.SH,242
600755.SH,242
600756.SH,242
600757.SH,242
600758.SH,242
600759.SH,241
600760.SH,242
600761.SH,242
600763.SH,242
600764.SH,242
600765.SH,242
600768.SH,242
600769.SH,242
600770.SH,242
600771.SH,242
600773.SH,242
600774.SH,239
600775.SH,242
600776.SH,242
600777.SH,242
600778.SH,242
600779.SH,242
600780.SH,242
600782.SH,242
600783.SH,242
600784.SH,242
600785.SH,242
600787.SH,242
600789.SH,242
600790.SH,242
600791.SH,242
600792.SH,242
600793.SH,242
600794.SH,242
600795.SH,242
600796.SH,242
600797.SH,242
600798.SH,242
600800.SH,242
600801.SH,242
600802.SH,242
600803.SH,242
600804.SH,242
600805.SH,242
600807.SH,242
600808.SH,242
600809.SH,242
600810.SH,242
600811.SH,242
600812.SH,242
600814.SH,242
600815.SH,242
600816.SH,241
600817.SH,241
600818.SH,242
600819.SH,242
600820.SH,242
600821.SH,242
600822.SH,242
600824.SH,242
600825.SH,242
600826.SH,242
600827.SH,242
600828.SH,242
600829.SH,242
600830.SH,242
600831.SH,242
600833.SH,242
600834.SH,242
600835.SH,242
600837.SH,242
600838.SH,242
600839.SH,242
600841.SH,242
600843.SH,242
600844.SH,240
600845.SH,242
600846.SH,242
600847.SH,242
600848.SH,242
600850.SH,242
600851.SH,242
600853.SH,242
600854.SH,242
600855.SH,242
600857.SH,242
600858.SH,242
600859.SH,242
600860.SH,242
600861.SH,242
600862.SH,242
600863.SH,242
600864.SH,242
600865.SH,242
600866.SH,242
600867.SH,242
600868.SH,242
600869.SH,242
600871.SH,242
600872.SH,242
600873.SH,242
600874.SH,242
600875.SH,242
600876.SH,242
600877.SH,242
600879.SH,242
600880.SH,242
600881.SH,242
600882.SH,242
600883.SH,242
600884.SH,242
600885.SH,242
600886.SH,242
600887.SH,242
600888.SH,242
600889.SH,242
600892.SH,240
600893.SH,242
600894.SH,242
600895.SH,242
600897.SH,242
600898.SH,241
600900.SH,242
600901.SH,242
600903.SH,242
600905.SH,242
600906.SH,242
600908.SH,242
600909.SH,242
600916.SH,242
600917.SH,242
600918.SH,242
600919.SH,242
600926.SH,242
600927.SH,242
600928.SH,242
600929.SH,242
600933.SH,242
600935.SH,242
600936.SH,242
600938.SH,242
600939.SH,242
600941.SH,242
600955.SH,242
600956.SH,242
600958.SH,242
600959.SH,242
600960.SH,242
600961.SH,242
600962.SH,242
600963.SH,242
600965.SH,242
600966.SH,242
600967.SH,242
600968.SH,242
600969.SH,242
600970.SH,241
600971.SH,242
600973.SH,242
600975.SH,242
600976.SH,242
600977.SH,242
600979.SH,242
600980.SH,242
600981.SH,242
600982.SH,242
600983.SH,242
600984.SH,242
600985.SH,242
600986.SH,242
600987.SH,242
600988.SH,242
600989.SH,242
600990.SH,242
600992.SH,242
600993.SH,242
600995.SH,242
600996.SH,242
600997.SH,242
600998.SH,242
600999.SH,242
601000.SH,242
601001.SH,242
601002.SH,242
601003.SH,242
601005.SH,242
601006.SH,242
601007.SH,242
601008.SH,242
601009.SH,242
601010.SH,242
601011.SH,242
601012.SH,242
601015.SH,242
601016.SH,242
601018.SH,242
601019.SH,242
601020.SH,242
601021.SH,242
601022.SH,242
601028.SH,242
601038.SH,242
601058.SH,242
601066.SH,242
601068.SH,242
601069.SH,242
601077.SH,242
601086.SH,242
601088.SH,242
601089.SH,242
601098.SH,242
601099.SH,242
601100.SH,242
601101.SH,242
601106.SH,242
601107.SH,242
601108.SH,242
601111.SH,242
601113.SH,242
601116.SH,242
601117.SH,242
601118.SH,242
601126.SH,242
601127.SH,242
601128.SH,242
601136.SH,242
601137.SH,242
601138.SH,242
601139.SH,242
601155.SH,242
601156.SH,242
601158.SH,242
601162.SH,242
601163.SH,242
601166.SH,242
601168.SH,242
601169.SH,242
601177.SH,242
601179.SH,242
601186.SH,242
601187.SH,242
601188.SH,242
601198.SH,242
601199.SH,242
601200.SH,242
601208.SH,242
601211.SH,242
601212.SH,242
601216.SH,242
601218.SH,242
601222.SH,242
601225.SH,242
601226.SH,242
601228.SH,242
601229.SH,242
601231.SH,242
601233.SH,242
601236.SH,242
601238.SH,242
601279.SH,242
601288.SH,242
601298.SH,239
601311.SH,242
601318.SH,242
601319.SH,242
601326.SH,242
601328.SH,242
601330.SH,242
601333.SH,242
601336.SH,242
601339.SH,242
601360.SH,242
601366.SH,242
601368.SH,242
601369.SH,242
601375.SH,242
601377.SH,242
601388.SH,242
601390.SH,242
601398.SH,242
601399.SH,242
601456.SH,242
601500.SH,242
601512.SH,242
601515.SH,242
601518.SH,242
601519.SH,242
601528.SH,242
601555.SH,242
601566.SH,242
601567.SH,242
601568.SH,242
601577.SH,242
601579.SH,242
601588.SH,242
601595.SH,242
601598.SH,242
601599.SH,242
601600.SH,242
601601.SH,242
601606.SH,242
601607.SH,242
601608.SH,242
601609.SH,242
601611.SH,242
601615.SH,242
601616.SH,242
601618.SH,242
601619.SH,242
601628.SH,242
601633.SH,242
601636.SH,242
601658.SH,242
601665.SH,242
601666.SH,242
601668.SH,242
601669.SH,242
601677.SH,242
601678.SH,242
601686.SH,242
601688.SH,242
601689.SH,242
601696.SH,242
601698.SH,242
601699.SH,242
601700.SH,242
601702.SH,242
601717.SH,242
601718.SH,242
601727.SH,242
601728.SH,242
601766.SH,242
601777.SH,242
601778.SH,242
601788.SH,242
601789.SH,242
601798.SH,242
601799.SH,242
601800.SH,242
601801.SH,242
601808.SH,242
601811.SH,242
601816.SH,242
601818.SH,242
601825.SH,242
601827.SH,242
601828.SH,237
601838.SH,242
601857.SH,242
601858.SH,242
601860.SH,242
601865.SH,242
601866.SH,242
601868.SH,242
601869.SH,242
601872.SH,242
601877.SH,242
601878.SH,242
601880.SH,242
601881.SH,242
601882.SH,242
601886.SH,242
601888.SH,242
601890.SH,242
601898.SH,242
601899.SH,242
601900.SH,242
601901.SH,242
601908.SH,242
601916.SH,236
601918.SH,242
601919.SH,242
601921.SH,242
601928.SH,242
601929.SH,242
601933.SH,242
601939.SH,242
601949.SH,242
601952.SH,242
601956.SH,242
601958.SH,242
601963.SH,242
601965.SH,242
601966.SH,242
601968.SH,242
601969.SH,242
601975.SH,242
601985.SH,242
601988.SH,242
601989.SH,242
601990.SH,242
601991.SH,242
601992.SH,242
601995.SH,242
601996.SH,242
601997.SH,242
601998.SH,242
601999.SH,242
603000.SH,242
603001.SH,241
603002.SH,242
603003.SH,242
603005.SH,242
603006.SH,242
603007.SH,242
603008.SH,242
603009.SH,242
603010.SH,242
603011.SH,242
603012.SH,242
603013.SH,242
603015.SH,242
603016.SH,242
603017.SH,242
603018.SH,242
603019.SH,242
603020.SH,242
603021.SH,242
603022.SH,242
603023.SH,232
603025.SH,242
603026.SH,242
603027.SH,242
603028.SH,242
603029.SH,242
603030.SH,240
603031.SH,242
603032.SH,242
603033.SH,242
603035.SH,242
603036.SH,237
603037.SH,242
603038.SH,240
603039.SH,241
603040.SH,242
603041.SH,242
603042.SH,240
603043.SH,242
603045.SH,242
603048.SH,242
603050.SH,242
603051.SH,242
603052.SH,242
603053.SH,242
603055.SH,242
603056.SH,242
603057.SH,242
603058.SH,242
603059.SH,242
603060.SH,242
603063.SH,242
603066.SH,242
603067.SH,242
603068.SH,242
603069.SH,242
603070.SH,242
603071.SH,242
603076.SH,242
603077.SH,242
603078.SH,242
603079.SH,242
603080.SH,242
603081.SH,242
603083.SH,242
603085.SH,242
603086.SH,242
603087.SH,242
603088.SH,242
603089.SH,242
603090.SH,242
603093.SH,242
603095.SH,242
603096.SH,242
603097.SH,242
603098.SH,242
603099.SH,242
603100.SH,242
603101.SH,242
603102.SH,242
603103.SH,242
603105.SH,242
603106.SH,242
603108.SH,242
603109.SH,242
603110.SH,242
603111.SH,242
603112.SH,242
603113.SH,242
603115.SH,242
603116.SH,242
603117.SH,242
603118.SH,242
603121.SH,242
603122.SH,242
603123.SH,242
603126.SH,242
603127.SH,242
603128.SH,242
603129.SH,242
603130.SH,242
603131.SH,242
603132.SH,242
603136.SH,242
603138.SH,242
603139.SH,242
603150.SH,242
603151.SH,242
603155.SH,242
603156.SH,242
603158.SH,242
603159.SH,242
603160.SH,242
603161.SH,237
603163.SH,242
603165.SH,242
603166.SH,242
603167.SH,242
603168.SH,242
603169.SH,242
603170.SH,242
603171.SH,242
603176.SH,242
603177.SH,242
603178.SH,242
603179.SH,242
603180.SH,242
603181.SH,242
603182.SH,242
603183.SH,242
603185.SH,242
603186.SH,242
603187.SH,242
603188.SH,242
603189.SH,242
603191.SH,242
603192.SH,242
603195.SH,242
603196.SH,232
603197.SH,242
603198.SH,242
603199.SH,242
603200.SH,242
603201.SH,242
603203.SH,242
603206.SH,242
603208.SH,242
603209.SH,242
603211.SH,242
603212.SH,242
603213.SH,242
603214.SH,242
603215.SH,242
603216.SH,242
603217.SH,242
603218.SH,242
603219.SH,242
603220.SH,242
603221.SH,242
603222.SH,242
603223.SH,242
603225.SH,242
603226.SH,242
603227.SH,242
603228.SH,242
603229.SH,242
603230.SH,242
603232.SH,242
603233.SH,242
603235.SH,242
603236.SH,242
603237.SH,242
603238.SH,242
603239.SH,242
603255.SH,242
603256.SH,242
603258.SH,242
603259.SH,242
603260.SH,242
603261.SH,242
603266.SH,242
603267.SH,242
603268.SH,242
603269.SH,242
603272.SH,242
603277.SH,242
603278.SH,242
603279.SH,242
603280.SH,242
603283.SH,242
603286.SH,242
603288.SH,242
603289.SH,242
603290.SH,242
603297.SH,242
603298.SH,242
603299.SH,242
603300.SH,242
603301.SH,242
603303.SH,242
603305.SH,242
603306.SH,242
603308.SH,242
603309.SH,242
603311.SH,242
603313.SH,242
603315.SH,242
603316.SH,242
603317.SH,242
603318.SH,242
603319.SH,242
603320.SH,242
603321.SH,242
603322.SH,242
603323.SH,242
603324.SH,242
603326.SH,242
603327.SH,242
603328.SH,242
603329.SH,238
603330.SH,242
603331.SH,242
603332.SH,242
603333.SH,242
603335.SH,242
603336.SH,242
603337.SH,242
603338.SH,242
603339.SH,242
603345.SH,242
603348.SH,242
603351.SH,242
603353.SH,242
603355.SH,242
603356.SH,237
603357.SH,242
603358.SH,237
603359.SH,242
603360.SH,242
603363.SH,242
603365.SH,242
603366.SH,242
603367.SH,242
603368.SH,242
603369.SH,242
603377.SH,242
603378.SH,242
603379.SH,242
603380.SH,242
603383.SH,242
603385.SH,242
603386.SH,242
603387.SH,242
603388.SH,242
603389.SH,242
603390.SH,242
603392.SH,242
603393.SH,242
603396.SH,242
603398.SH,242
603399.SH,242
603408.SH,242
603416.SH,242
603421.SH,242
603429.SH,242
603439.SH,242
603444.SH,242
603456.SH,242
603458.SH,242
603466.SH,242
603477.SH,242
603486.SH,242
603488.SH,232
603489.SH,242
603496.SH,242
603499.SH,242
603500.SH,242
603501.SH,242
603505.SH,242
603506.SH,242
603507.SH,242
603508.SH,242
603511.SH,242
603515.SH,242
603516.SH,242
603517.SH,242
603518.SH,242
603519.SH,242
603520.SH,242
603527.SH,242
603528.SH,242
603529.SH,242
603530.SH,242
603533.SH,242
603535.SH,242
603536.SH,242
603538.SH,242
603551.SH,242
603556.SH,242
603557.SH,242
603558.SH,242
603559.SH,241
603565.SH,242
603566.SH,242
603567.SH,242
603568.SH,242
603569.SH,242
603577.SH,242
603578.SH,237
603579.SH,242
603580.SH,242
603583.SH,242
603585.SH,242
603586.SH,242
603587.SH,242
603588.SH,242
603589.SH,242
603590.SH,242
603595.SH,242
603596.SH,242
603598.SH,242
603599.SH,242
603600.SH,242
603601.SH,242
603602.SH,242
603605.SH,242
603606.SH,242
603607.SH,242
603608.SH,242
603609.SH,242
603610.SH,242
603611.SH,242
603612.SH,242
603613.SH,242
603615.SH,242
603616.SH,242
603617.SH,242
603618.SH,242
603619.SH,242
603626.SH,242
603628.SH,242
603629.SH,242
603630.SH,242
603633.SH,242
603636.SH,242
603637.SH,242
603638.SH,242
603639.SH,242
603648.SH,242
603650.SH,242
603655.SH,237
603656.SH,242
603657.SH,242
603658.SH,242
603659.SH,242
603660.SH,242
603661.SH,242
603662.SH,242
603663.SH,242
603665.SH,242
603666.SH,242
603667.SH,242
603668.SH,242
603669.SH,242
603676.SH,242
603677.SH,242
603678.SH,242
603679.SH,242
603680.SH,242
603681.SH,242
603682.SH,242
603683.SH,242
603685.SH,240
603686.SH,242
603687.SH,242
603688.SH,242
603689.SH,242
603690.SH,242
603693.SH,242
603696.SH,242
603697.SH,242
603698.SH,242
603699.SH,242
603700.SH,242
603701.SH,242
603703.SH,242
603706.SH,242
603707.SH,242
603708.SH,242
603709.SH,242
603711.SH,242
603712.SH,242
603713.SH,242
603716.SH,242
603717.SH,242
603718.SH,242
603719.SH,242
603721.SH,242
603722.SH,242
603725.SH,242
603726.SH,242
603727.SH,242
603728.SH,242
603729.SH,242
603730.SH,242
603733.SH,242
603737.SH,242
603738.SH,242
603739.SH,242
603755.SH,242
603757.SH,242
603758.SH,242
603759.SH,242
603766.SH,242
603767.SH,242
603768.SH,242
603773.SH,242
603776.SH,242
603777.SH,242
603778.SH,242
603779.SH,242
603786.SH,242
603787.SH,242
603788.SH,242
603789.SH,242
603790.SH,231
603797.SH,242
603798.SH,242
603799.SH,242
603800.SH,242
603801.SH,242
603803.SH,242
603806.SH,242
603808.SH,242
603809.SH,242
603810.SH,242
603811.SH,242
603813.SH,242
603815.SH,232
603816.SH,238
603817.SH,242
603818.SH,242
603819.SH,242
603822.SH,242
603823.SH,242
603825.SH,242
603826.SH,242
603828.SH,242
603829.SH,242
603833.SH,242
603836.SH,242
603838.SH,242
603839.SH,242
603843.SH,242
603848.SH,242
603855.SH,242
603856.SH,242
603858.SH,242
603859.SH,242
603860.SH,242
603861.SH,242
603863.SH,242
603866.SH,242
603867.SH,242
603868.SH,242
603869.SH,242
603871.SH,242
603876.SH,242
603877.SH,242
603878.SH,242
603879.SH,242
603880.SH,236
603881.SH,242
603882.SH,242
603883.SH,242
603885.SH,242
603886.SH,242
603887.SH,242
603888.SH,242
603889.SH,242
603890.SH,242
603893.SH,242
603895.SH,242
603896.SH,242
603897.SH,242
603898.SH,242
603899.SH,242
603900.SH,242
603901.SH,242
603903.SH,242
603906.SH,242
603908.SH,242
603909.SH,242
603912.SH,242
603915.SH,242
603916.SH,242
603917.SH,242
603918.SH,242
603919.SH,242
603920.SH,239
603922.SH,242
603926.SH,242
603927.SH,242
603928.SH,242
603929.SH,242
603931.SH,242
603933.SH,242
603936.SH,242
603937.SH,242
603938.SH,242
603939.SH,242
603948.SH,242
603949.SH,242
603950.SH,242
603955.SH,242
603956.SH,242
603958.SH,242
603959.SH,242
603960.SH,242
603963.SH,242
603966.SH,242
603967.SH,242
603968.SH,242
603969.SH,242
603970.SH,242
603976.SH,242
603977.SH,242
603978.SH,242
603979.SH,242
603980.SH,242
603982.SH,242
603983.SH,242
603985.SH,242
603986.SH,242
603987.SH,242
603988.SH,242
603989.SH,242
603990.SH,242
603991.SH,242
603992.SH,242
603993.SH,242
603995.SH,242
603997.SH,242
603998.SH,242
603999.SH,242
605001.SH,242
605003.SH,242
605005.SH,242
605006.SH,242
605007.SH,242
605008.SH,242
605009.SH,242
605011.SH,242
605016.SH,242
605018.SH,242
605020.SH,242
605028.SH,242
605033.SH,242
605050.SH,242
605055.SH,242
605056.SH,242
605058.SH,242
605060.SH,242
605066.SH,242
605068.SH,242
605069.SH,242
605077.SH,242
605080.SH,242
605081.SH,242
605086.SH,242
605088.SH,242
605089.SH,242
605090.SH,242
605098.SH,242
605099.SH,242
605100.SH,242
605108.SH,242
605111.SH,242
605116.SH,242
605117.SH,242
605118.SH,242
605122.SH,242
605123.SH,242
605128.SH,242
605133.SH,242
605136.SH,242
605138.SH,242
605151.SH,242
605155.SH,242
605158.SH,242
605162.SH,242
605166.SH,242
605167.SH,242
605168.SH,242
605169.SH,242
605177.SH,242
605178.SH,242
605179.SH,242
605180.SH,242
605183.SH,242
605186.SH,242
605188.SH,242
605189.SH,242
605196.SH,242
605198.SH,242
605199.SH,242
605208.SH,242
605218.SH,242
605222.SH,242
605228.SH,242
605255.SH,242
605258.SH,242
605259.SH,242
605266.SH,242
605268.SH,242
605277.SH,242
605286.SH,242
605287.SH,242
605288.SH,242
605289.SH,242
605296.SH,242
605298.SH,242
605299.SH,242
605300.SH,242
605303.SH,242
605305.SH,242
605318.SH,242
605319.SH,242
605333.SH,242
605336.SH,242
605337.SH,242
605338.SH,242
605339.SH,242
605358.SH,242
605365.SH,242
605366.SH,242
605368.SH,242
605369.SH,242
605376.SH,242
605377.SH,242
605378.SH,242
605388.SH,242
605389.SH,232
605398.SH,242
605399.SH,242
605488.SH,242
605499.SH,242
605500.SH,242
605507.SH,242
605555.SH,242
605566.SH,242
605567.SH,242
605577.SH,242
605580.SH,242
605588.SH,242
605589.SH,242
605598.SH,242
605599.SH,242
688001.SH,242
688002.SH,242
688003.SH,242
688004.SH,242
688005.SH,242
688006.SH,242
688007.SH,242
688008.SH,242
688009.SH,242
688010.SH,242
688011.SH,242
688012.SH,242
688013.SH,242
688015.SH,242
688016.SH,242
688017.SH,242
688018.SH,242
688019.SH,242
688020.SH,242
688021.SH,242
688022.SH,242
688023.SH,242
688025.SH,242
688026.SH,242
688027.SH,242
688028.SH,242
688029.SH,242
688030.SH,242
688031.SH,242
688032.SH,242
688033.SH,242
688035.SH,242
688036.SH,242
688037.SH,242
688038.SH,242
688039.SH,242
688041.SH,242
688045.SH,242
688046.SH,242
688047.SH,242
688048.SH,242
688049.SH,242
688050.SH,242
688051.SH,242
688052.SH,242
688053.SH,242
688055.SH,242
688056.SH,242
688057.SH,242
688058.SH,242
688059.SH,242
688060.SH,242
688061.SH,242
688062.SH,242
688063.SH,242
688065.SH,238
688066.SH,242
688067.SH,242
688068.SH,242
688069.SH,242
688070.SH,242
688071.SH,242
688072.SH,242
688073.SH,242
688075.SH,242
688076.SH,242
688077.SH,242
688078.SH,242
688079.SH,242
688080.SH,242
688081.SH,242
688082.SH,242
688083.SH,242
688084.SH,242
688085.SH,242
688087.SH,242
688088.SH,242
688089.SH,242
688090.SH,242
688091.SH,242
688092.SH,242
688093.SH,242
688095.SH,242
688096.SH,242
688097.SH,242
688098.SH,242
688099.SH,242
688100.SH,242
688101.SH,242
688102.SH,242
688103.SH,242
688105.SH,242
688106.SH,242
688107.SH,242
688108.SH,242
688109.SH,242
688110.SH,242
688111.SH,242
688112.SH,242
688113.SH,242
688114.SH,242
688115.SH,242
688116.SH,242
688117.SH,242
688118.SH,242
688119.SH,242
688120.SH,242
688121.SH,242
688122.SH,242
688123.SH,242
688125.SH,242
688126.SH,242
688127.SH,242
688128.SH,242
688129.SH,242
688130.SH,242
688131.SH,242
688132.SH,242
688133.SH,242
688135.SH,242
688136.SH,242
688137.SH,242
688138.SH,242
688139.SH,242
688141.SH,242
688143.SH,242
688147.SH,242
688148.SH,242
688150.SH,242
688151.SH,242
688152.SH,242
688153.SH,242
688155.SH,242
688156.SH,242
688157.SH,242
688158.SH,242
688159.SH,242
688160.SH,242
688161.SH,242
688162.SH,242
688163.SH,242
688165.SH,242
688166.SH,242
688167.SH,242
688168.SH,242
688169.SH,242
688170.SH,242
688171.SH,242
688172.SH,242
688173.SH,242
688175.SH,242
688176.SH,242
688177.SH,242
688178.SH,242
688179.SH,242
688180.SH,242
688181.SH,242
688182.SH,242
688183.SH,242
688184.SH,242
688185.SH,242
688186.SH,242
688187.SH,242
688188.SH,242
688189.SH,242
688190.SH,242
688191.SH,242
688192.SH,242
688193.SH,242
688195.SH,242
688196.SH,242
688197.SH,242
688198.SH,242
688199.SH,242
688200.SH,242
688201.SH,242
688202.SH,242
688203.SH,242
688205.SH,242
688206.SH,242
688207.SH,242
688208.SH,242
688209.SH,242
688210.SH,242
688211.SH,242
688212.SH,242
688213.SH,242
688215.SH,242
688216.SH,242
688217.SH,242
688218.SH,242
688219.SH,242
688220.SH,242
688221.SH,242
688222.SH,242
688223.SH,242
688225.SH,242
688226.SH,242
688227.SH,242
688228.SH,242
688229.SH,242
688230.SH,242
688231.SH,242
688232.SH,242
688233.SH,242
688234.SH,242
688235.SH,242
688236.SH,242
688237.SH,242
688238.SH,242
688239.SH,242
688244.SH,242
688246.SH,242
688247.SH,242
688248.SH,242
688251.SH,242
688252.SH,242
688253.SH,242
688255.SH,242
688256.SH,242
688257.SH,242
688258.SH,242
688259.SH,242
688260.SH,242
688261.SH,242
688262.SH,242
688265.SH,242
688266.SH,242
688267.SH,242
688268.SH,242
688269.SH,242
688270.SH,242
688271.SH,242
688272.SH,241
688273.SH,242
688275.SH,242
688276.SH,242
688277.SH,242
688278.SH,242
688279.SH,242
688280.SH,242
688281.SH,242
688282.SH,242
688283.SH,242
688285.SH,242
688286.SH,242
688287.SH,242
688288.SH,242
688289.SH,242
688290.SH,242
688291.SH,242
688292.SH,242
688293.SH,242
688295.SH,242
688296.SH,242
688297.SH,242
688298.SH,242
688299.SH,242
688300.SH,242
688301.SH,242
688302.SH,242
688303.SH,242
688305.SH,242
688306.SH,242
688308.SH,242
688309.SH,241
688310.SH,242
688311.SH,242
688312.SH,242
688313.SH,242
688314.SH,242
688315.SH,242
688316.SH,242
688317.SH,242
688318.SH,242
688319.SH,242
688320.SH,242
688321.SH,242
688322.SH,242
688323.SH,242
688325.SH,242
688326.SH,242
688327.SH,242
688328.SH,242
688329.SH,242
688330.SH,242
688331.SH,242
688332.SH,242
688333.SH,242
688335.SH,242
688336.SH,242
688337.SH,237
688338.SH,242
688339.SH,242
688345.SH,242
688348.SH,242
688349.SH,242
688350.SH,242
688351.SH,242
688353.SH,242
688355.SH,242
688356.SH,242
688357.SH,242
688358.SH,242
688359.SH,242
688360.SH,232
688362.SH,242
688363.SH,242
688365.SH,242
688366.SH,242
688367.SH,242
688368.SH,242
688369.SH,242
688370.SH,242
688371.SH,242
688372.SH,242
688373.SH,242
688375.SH,242
688376.SH,242
688377.SH,242
688378.SH,242
688379.SH,242
688380.SH,242
688381.SH,242
688382.SH,242
688383.SH,242
688385.SH,242
688386.SH,242
688387.SH,242
688388.SH,242
688389.SH,242
688390.SH,242
688391.SH,242
688392.SH,242
688393.SH,242
688395.SH,242
688396.SH,242
688398.SH,242
688399.SH,242
688400.SH,242
688401.SH,242
688403.SH,242
688408.SH,242
688409.SH,242
688410.SH,242
688416.SH,242
688418.SH,242
688419.SH,242
688420.SH,242
688425.SH,242
688426.SH,242
688428.SH,242
688432.SH,242
688439.SH,242
688448.SH,242
688455.SH,242
688456.SH,242
688459.SH,242
688466.SH,242
688468.SH,242
688475.SH,242
688480.SH,242
688488.SH,242
688489.SH,242
688496.SH,242
688498.SH,242
688499.SH,242
688500.SH,241
688501.SH,242
688503.SH,242
688505.SH,242
688508.SH,242
688509.SH,242
688510.SH,242
688511.SH,242
688513.SH,242
688516.SH,242
688517.SH,242
688518.SH,242
688519.SH,242
688520.SH,242
688521.SH,242
688525.SH,242
688526.SH,242
688528.SH,242
688529.SH,242
688533.SH,242
688536.SH,232
688538.SH,242
688550.SH,242
688551.SH,242
688553.SH,242
688556.SH,242
688557.SH,242
688558.SH,242
688559.SH,242
688560.SH,242
688561.SH,242
688565.SH,242
688566.SH,242
688567.SH,237
688568.SH,242
688569.SH,242
688571.SH,242
688575.SH,242
688577.SH,242
688578.SH,242
688579.SH,242
688580.SH,242
688585.SH,242
688586.SH,242
688588.SH,242
688589.SH,242
688590.SH,242
688595.SH,242
688596.SH,242
688597.SH,242
688598.SH,242
688599.SH,242
688600.SH,242
688601.SH,242
688606.SH,242
688607.SH,242
688608.SH,242
688609.SH,242
688611.SH,242
688613.SH,242
688616.SH,242
688617.SH,242
688618.SH,242
688619.SH,242
688621.SH,242
688622.SH,242
688625.SH,242
688626.SH,242
688628.SH,242
688630.SH,242
688633.SH,242
688636.SH,242
688639.SH,242
688655.SH,242
688656.SH,242
688658.SH,242
688659.SH,242
688660.SH,242
688661.SH,242
688662.SH,242
688663.SH,242
688665.SH,242
688667.SH,242
688668.SH,242
688669.SH,242
688670.SH,242
688676.SH,242
688677.SH,242
688678.SH,242
688679.SH,242
688680.SH,242
688681.SH,242
688682.SH,242
688683.SH,242
688685.SH,242
688686.SH,242
688687.SH,242
688689.SH,242
688690.SH,242
688696.SH,242
688697.SH,242
688698.SH,242
688699.SH,242
688700.SH,242
688701.SH,242
688707.SH,242
688711.SH,242
688718.SH,242
688722.SH,242
688728.SH,242
688733.SH,242
688737.SH,242
688739.SH,242
688766.SH,242
688767.SH,242
688768.SH,242
688772.SH,242
688776.SH,242
688777.SH,242
688778.SH,242
688779.SH,242
688786.SH,242
688787.SH,242
688788.SH,242
688789.SH,242
688793.SH,242
688798.SH,242
688799.SH,242
688800.SH,242
688819.SH,242
688981.SH,242
689009.SH,242
830779.BJ,144
830799.BJ,242
830809.BJ,190
830832.BJ,242
830839.BJ,242
830879.BJ,242
830896.BJ,172
830946.BJ,242
830964.BJ,242
830974.BJ,201
831010.BJ,242
831039.BJ,234
831087.BJ,242
831152.BJ,242
831167.BJ,242
831175.BJ,12
831195.BJ,242
831278.BJ,242
831304.BJ,173
831305.BJ,242
831370.BJ,242
831396.BJ,0
831445.BJ,242
831526.BJ,239
831627.BJ,76
831641.BJ,242
831689.BJ,242
831726.BJ,242
831768.BJ,242
831832.BJ,242
831834.BJ,242
831855.BJ,242
831856.BJ,232
831906.BJ,211
831961.BJ,242
832000.BJ,242
832023.BJ,225
832089.BJ,242
832110.BJ,242
832145.BJ,242
832149.BJ,214
832171.BJ,239
832175.BJ,125
832225.BJ,242
832278.BJ,242
832419.BJ,242
832469.BJ,69
832471.BJ,149
832491.BJ,242
832522.BJ,32
832566.BJ,242
832651.BJ,128
832662.BJ,242
832735.BJ,242
832786.BJ,56
832802.BJ,223
832876.BJ,242
832885.BJ,242
832978.BJ,61
832982.BJ,111
833030.BJ,42
833075.BJ,242
833171.BJ,242
833230.BJ,242
833266.BJ,242
833284.BJ,9
833346.BJ,242
833394.BJ,168
833427.BJ,242
833429.BJ,242
833454.BJ,242
833455.BJ,130
833509.BJ,242
833523.BJ,242
833533.BJ,242
833575.BJ,196
833580.BJ,242
833751.BJ,114
833781.BJ,242
833819.BJ,242
833873.BJ,242
833914.BJ,242
833943.BJ,242
834014.BJ,242
834021.BJ,242
834033.BJ,242
834058.BJ,96
834062.BJ,242
834261.BJ,183
834407.BJ,215
834415.BJ,242
834475.BJ,242
834599.BJ,242
834639.BJ,242
834682.BJ,242
834765.BJ,242
834770.BJ,207
835174.BJ,242
835179.BJ,242
835184.BJ,242
835185.BJ,242
835207.BJ,242
835237.BJ,242
835305.BJ,242
835368.BJ,242
835438.BJ,0
835508.BJ,242
835579.BJ,22
835640.BJ,242
835670.BJ,242
835857.BJ,197
835892.BJ,242
835985.BJ,242
836077.BJ,242
836149.BJ,242
836208.BJ,126
836221.BJ,139
836239.BJ,242
836247.BJ,242
836260.BJ,242
836263.BJ,242
836270.BJ,242
836395.BJ,242
836414.BJ,242
836419.BJ,70
836422.BJ,206
836433.BJ,242
836504.BJ,91
836547.BJ,14
836675.BJ,242
836717.BJ,124
836720.BJ,242
836807.BJ,242
836826.BJ,242
836871.BJ,242
836892.BJ,242
836942.BJ,242
836957.BJ,242
836961.BJ,7
837006.BJ,154
837023.BJ,0
837046.BJ,242
837092.BJ,242
837212.BJ,242
837242.BJ,242
837344.BJ,242
837403.BJ,0
837592.BJ,119
837663.BJ,196
837748.BJ,92
837821.BJ,242
838030.BJ,242
838163.BJ,242
838171.BJ,242
838227.BJ,242
838262.BJ,242
838275.BJ,242
838402.BJ,242
838670.BJ,242
838701.BJ,112
838810.BJ,242
838837.BJ,157
838924.BJ,242
838971.BJ,242
839167.BJ,242
839273.BJ,212
839371.BJ,231
839493.BJ,43
839680.BJ,242
839719.BJ,148
839725.BJ,242
839729.BJ,242
839790.BJ,242
839792.BJ,185
839946.BJ,242
870199.BJ,242
870204.BJ,242
870299.BJ,242
870357.BJ,242
870436.BJ,242
870508.BJ,242
870866.BJ,242
870976.BJ,80
871245.BJ,242
871396.BJ,242
871478.BJ,158
871553.BJ,242
871634.BJ,242
871642.BJ,242
871694.BJ,169
871753.BJ,235
871857.BJ,242
871970.BJ,242
871981.BJ,242
872190.BJ,242
872351.BJ,242
872374.BJ,242
872392.BJ,242
872541.BJ,199
872808.BJ,242
872895.BJ,181
872925.BJ,242
872931.BJ,0
873001.BJ,242
873122.BJ,242
873132.BJ,32
873152.BJ,230
873167.BJ,220
873169.BJ,242
873223.BJ,242
873305.BJ,242
873339.BJ,242
873527.BJ,242
873570.BJ,27
873576.BJ,117
873593.BJ,176
873665.BJ,63
873690.BJ,0
873706.BJ,0
873833.BJ,38
